ADDA,28-Jan-2019,-34,3,-34,2,0
ADDC,28-Jan-2019,24,32,-1,14,0
ADDE,28-Jan-2019,-849,-849,-1133,-1129,0
ADDN,28-Jan-2019,-1434,-351,-1434,-372,0
ADDQ,28-Jan-2019,-1317,-527,-1317,-685,0
ADDS,28-Jan-2019,-242,-149,-295,-244,0
ADDT,28-Jan-2019,-2785,-968,-2785,-1055,0
ADDU,28-Jan-2019,-101,-101,-424,-218,0
ADDV,28-Jan-2019,54,54,-22,5,0
ADDX,28-Jan-2019,-164,-102,-291,-225,0
ADRA,28-Jan-2019,0.65,1.02,0.65,1.01,0
ADRC,28-Jan-2019,1.47,1.47,0.99,1.12,0
ADRE,28-Jan-2019,0.23,0.31,0.23,0.3,0
ADRN,28-Jan-2019,0.13,0.69,0.13,0.68,0
ADRQ,28-Jan-2019,0.24,0.63,0.24,0.56,0
ADRS,28-Jan-2019,0.56,0.77,0.56,0.73,0
ADRT,28-Jan-2019,0.2,0.65,0.2,0.62,0
ADRU,28-Jan-2019,0.84,0.89,0.69,0.89,0
ADRV,28-Jan-2019,1.31,1.31,0.93,1.01,0
ADRX,28-Jan-2019,0.79,0.89,0.78,0.84,0
ADVA,28-Jan-2019,65,108,65,107,38671500
ADVC,28-Jan-2019,75,127,75,123,54113400
ADVE,28-Jan-2019,259,505,259,505,388653000
ADVN,28-Jan-2019,216,808,216,798,1385070000
ADVQ,28-Jan-2019,437,925,437,886,894686000
ADVS,28-Jan-2019,320,683,320,683,201544600
ADVT,28-Jan-2019,718,1832,718,1791,2318428000
ADVU,28-Jan-2019,572,1786,572,1781,3179107000
ADVV,28-Jan-2019,224,404,224,404,99318700
ADVX,28-Jan-2019,619,1211,619,1210,354976700
ASHD,28-Jan-2019,148,1398,148,1367,0
ASHF,28-Jan-2019,-84,-84,-958,-824,0
ASHR,28-Jan-2019,0.43,0.43,0.28,0.39,0
ASHU,28-Jan-2019,64,543,64,543,0
AVDA,28-Jan-2019,3.91,8.42,-1.17,2.46,0
AVDC,28-Jan-2019,-5.3,21.55,-5.3,17.5,0
AVDE,28-Jan-2019,-41.5,-41.5,-832.59,-753.88,0
AVDN,28-Jan-2019,-177.69,-177.69,-1095.22,-720.31,0
AVDQ,28-Jan-2019,-69.98,-69.98,-456.98,-384.96,0
AVDS,28-Jan-2019,-9.57,50.18,-9.57,50.02,0
AVDT,28-Jan-2019,-243.76,-243.76,-1405.06,-1102.82,0
AVDU,28-Jan-2019,20.94,883.24,-590.45,517.12,0
AVDV,28-Jan-2019,7.51,43.22,7.51,40.09,0
AVDX,28-Jan-2019,-7.36,107.67,-7.36,107.63,0
AVLD,28-Jan-2019,1.43,930.46,1.43,930.4,0
AVLF,28-Jan-2019,0.47,0.47,-627.99,-612.44,0
AVLR,28-Jan-2019,1.32,1.32,0.32,0.34,0
AVLU,28-Jan-2019,1.9,317.96,1.9,317.96,0
AVRA,28-Jan-2019,2.27,2.27,0.94,1.06,0
AVRC,28-Jan-2019,0.49,1.96,0.49,1.47,0
AVRE,28-Jan-2019,0.42,0.42,0.32,0.34,0
AVRN,28-Jan-2019,0.1,0.65,0.1,0.65,0
AVRQ,28-Jan-2019,0.36,0.81,0.36,0.69,0
AVRS,28-Jan-2019,0.47,1.98,0.47,1.33,0
AVRT,28-Jan-2019,0.21,0.69,0.21,0.67,0
AVRU,28-Jan-2019,1.09,1.61,0.77,1.19,0
AVRV,28-Jan-2019,1.89,2.03,1.42,1.67,0
AVRX,28-Jan-2019,0.8,1.78,0.8,1.43,0
AVVA,28-Jan-2019,6.96,42.88,6.96,38.67,0
AVVC,28-Jan-2019,5.28,56.59,5.28,54.11,0
AVVE,28-Jan-2019,30.46,409.1,30.46,388.65,0
AVVN,28-Jan-2019,20.24,1586.65,20.24,1385.07,0
AVVQ,28-Jan-2019,40.95,965.21,40.95,894.68,0
AVVS,28-Jan-2019,8.53,201.64,8.53,201.54,0
AVVT,28-Jan-2019,68.16,2594.75,68.16,2318.42,0
AVVU,28-Jan-2019,246.49,3401.76,246.49,3179.1,0
AVVV,28-Jan-2019,15.91,99.96,15.91,99.31,0
AVVX,28-Jan-2019,29.74,357.35,29.74,354.97,0
BANK,28-Jan-2019,3648.5,3683.87,3644.85,3679.04,0
BCMA,28-Jan-2019,506,1545,506,1475,0
BCMC,28-Jan-2019,99.71,100.04,99.44,100.01,0
BCMD,28-Jan-2019,3119,3119,2354,2418,0
BCME,28-Jan-2019,86,151,86,137,0
BCMF,28-Jan-2019,187,187,144,161,0
BCMG,28-Jan-2019,23,23,8,13,0
BCMM,28-Jan-2019,99.15,99.67,99.03,99.48,0
BCMU,28-Jan-2019,131,131,59,109,0
BDMA,28-Jan-2019,2861,3004,2861,3004,0
BDMC,28-Jan-2019,101.16,101.18,101.11,101.11,0
BDMD,28-Jan-2019,833,909,833,909,0
BDME,28-Jan-2019,213,220,213,219,0
BDMF,28-Jan-2019,73,80,72,80,0
BDMG,28-Jan-2019,10,12,10,12,0
BDMM,28-Jan-2019,101.33,101.33,101.3,101.31,0
BDMU,28-Jan-2019,62,89,62,89,0
BFMA,28-Jan-2019,2797,2939,2797,2939,0
BFMC,28-Jan-2019,100.2,100.2,100.17,100.19,0
BFMD,28-Jan-2019,891,978,891,978,0
BFME,28-Jan-2019,145,154,145,154,0
BFMF,28-Jan-2019,140,145,140,144,0
BFMG,28-Jan-2019,11,13,11,13,0
BFMM,28-Jan-2019,100.98,100.98,100.95,100.96,0
BFMU,28-Jan-2019,68,85,68,85,0
BGMA,28-Jan-2019,2045,2144,2045,2144,0
BGMC,28-Jan-2019,101.67,101.69,101.61,101.69,0
BGMD,28-Jan-2019,1635,1762,1635,1762,0
BGME,28-Jan-2019,195,205,195,205,0
BGMF,28-Jan-2019,92,96,92,95,0
BGMG,28-Jan-2019,9,11,9,11,0
BGMM,28-Jan-2019,100.21,100.21,100.16,100.17,0
BGMU,28-Jan-2019,73,92,73,92,0
BKX,28-Jan-2019,97.63,98.23,97.29,98.1,0
BWH,28-Jan-2019,192.23,193.53,190.75,191.77,0
BXD,28-Jan-2019,323.13,323.87,322.07,323.87,0
BXM,28-Jan-2019,1334.94,1337.1,1329.69,1337.08,0
BXN,28-Jan-2019,594.01,594.52,591.16,594.52,0
BXR,28-Jan-2019,245.12,245.78,244.5,245.42,0
CASH,28-Jan-2019,1,1,1,1,0
CEX,28-Jan-2019,568.04,569.18,562.7,569.18,0
COMP,28-Jan-2019,7075.01,7086.3,7034.25,7085.68,0
CPR,28-Jan-2019,2.733,2.7335,2.676,2.68,93394
DCFD,28-Jan-2019,30.76,49.23,26.15,49.23,0
DCFI,28-Jan-2019,47.69,52.3,43.07,49.23,0
DCOF,28-Jan-2019,30.76,33.84,30.76,32.3,0
DCOH,28-Jan-2019,35.38,40,35.38,40,0
DCSE,28-Jan-2019,24908.34,25545.96,24878.19,25346.2,0
DCTH,28-Jan-2019,44.61,46.15,44.61,44.61,0
DCTW,28-Jan-2019,81.53,81.53,66.15,78.46,0
DDA,28-Jan-2019,21.56,21.97,14.25,20.26,0
DDB,28-Jan-2019,18.08,20.35,11,18.74,0
DECA,28-Jan-2019,99,115,99,105,36208100
DECC,28-Jan-2019,51,118,51,109,36608300
DECE,28-Jan-2019,1108,1636,1108,1634,1142534000
DECN,28-Jan-2019,1650,1650,1159,1170,2105389000
DECQ,28-Jan-2019,1754,1754,1441,1571,1279655000
DECS,28-Jan-2019,562,928,562,927,151515000
DECT,28-Jan-2019,3503,3503,2777,2846,3421252000
DECU,28-Jan-2019,673,2022,673,1999,2661983000
DECV,28-Jan-2019,170,403,170,399,59220400
DECX,28-Jan-2019,783,1444,783,1435,247343700
DIFD,28-Jan-2019,26.66,46.66,13.33,46.66,0
DIFI,28-Jan-2019,46.66,50,43.33,50,0
DIOF,28-Jan-2019,23.33,23.33,23.33,23.33,0
DIOH,28-Jan-2019,33.33,36.66,30,33.33,0
DITH,28-Jan-2019,43.33,43.33,43.33,43.33,0
DITW,28-Jan-2019,76.66,76.66,56.66,76.66,0
DIVQ,28-Jan-2019,2276.01,2277.65,2260.11,2270.58,0
DJC,28-Jan-2019,8099.62,8099.62,8033.81,8091.24,458865300
DJEC,28-Jan-2019,1124.65,1128.49,1116.52,1128.29,0
DJI,28-Jan-2019,24596.98,24596.98,24323.94,24528.22,347165300
DJT,28-Jan-2019,9866.18,9925.98,9822.01,9921.59,60422800
DJU,28-Jan-2019,708.33,711.18,701.52,704.51,51277000
DJWO,28-Jan-2019,373.72,373.96,369.78,371.3,0
DJX,28-Jan-2019,245.97,245.97,243.24,245.28,0
DLTC,28-Jan-2019,1593.09,1593.19,1581.06,1592.31,0
DOWE,28-Jan-2019,1570.66,1570.66,1557.41,1559.6,0
DRCI,28-Jan-2019,258.38,261.73,257.92,261.51,0
DREI,28-Jan-2019,350.93,355.74,350.26,355.43,0
DSAE,28-Jan-2019,1374.8,1378.67,1358.26,1378.6,29592800
DSAF,28-Jan-2019,894.7,894.7,879.12,889.38,5192400
DSAG,28-Jan-2019,179.91,180.52,178.88,180.43,25174000
DSAI,28-Jan-2019,569.67,570.75,564.12,567.93,15724200
DSAL,28-Jan-2019,91.81,92.1,88.84,89.39,3533200
DSAM,28-Jan-2019,1617.95,1617.95,1595.47,1599.96,41528300
DSAP,28-Jan-2019,299.59,300.79,296.9,300.4,89511400
DSAR,28-Jan-2019,254.11,260.58,253.87,259.15,41104900
DSAS,28-Jan-2019,1578.84,1578.84,1555.32,1576.19,22211400
DSAT,28-Jan-2019,432.43,434.64,428.53,434.05,17733600
DSAU,28-Jan-2019,186.53,187.51,184.91,187.02,62908800
DSAV,28-Jan-2019,577.48,582.33,575.14,580.44,4555500
DSBC,28-Jan-2019,1261,1265.61,1250.75,1265.61,105275800
DSBD,28-Jan-2019,761.93,774.29,761.16,774.18,23306400
DSBE,28-Jan-2019,131.96,132.39,130.44,132.14,2080700
DSBK,28-Jan-2019,435.94,438.81,434.23,438.06,225779000
DSBM,28-Jan-2019,355.27,356.55,353.18,356.43,148468500
DSBS,28-Jan-2019,156.44,156.44,153.93,154.9,92153700
DSBT,28-Jan-2019,1985.96,1987.3,1951.51,1963.92,75067400
DSBV,28-Jan-2019,687.76,689.26,683.18,687.37,21489500
DSCA,28-Jan-2019,735.73,750.28,731.18,740.76,36546500
DSCC,28-Jan-2019,438.21,440.34,435.19,440.25,29345300
DSCF,28-Jan-2019,311.36,314.33,309.8,314.25,20682700
DSCG,28-Jan-2019,1139.57,1154.26,1139.37,1151.47,138856200
DSCH,28-Jan-2019,591.69,595.15,588.63,595.14,56314800
DSCL,28-Jan-2019,61.37,62.03,60.5,61.78,475700
DSCM,28-Jan-2019,477.96,485.79,477.26,484.95,20302200
DSCN,28-Jan-2019,590.74,598.74,589.63,598.31,33129300
DSCP,28-Jan-2019,356.46,356.46,353.17,355.64,23859200
DSCR,28-Jan-2019,2162.26,2173.4,2138.73,2173.19,91336500
DSCS,28-Jan-2019,1459.4,1461.91,1451.11,1461.85,19560100
DSCT,28-Jan-2019,1187.73,1191.17,1178.88,1190.7,63647500
DSCX,28-Jan-2019,911.08,918.4,908.65,918.38,26969400
DSCY,28-Jan-2019,973.28,975.82,965.89,975.82,419785100
DSDB,28-Jan-2019,683.5,685.39,675.3,683.18,898400
DSDN,28-Jan-2019,393.64,397.19,390.45,397.12,7381300
DSDR,28-Jan-2019,619.29,623.06,615.16,623.06,38148000
DSDS,28-Jan-2019,297.62,300.48,295.35,298.89,5769300
DSDT,28-Jan-2019,74.88,76.04,74.75,75.95,7191000
DSDV,28-Jan-2019,147.88,148.31,146.65,148.06,16521400
DSEC,28-Jan-2019,338.51,339.67,336.31,339.29,18511500
DSEE,28-Jan-2019,398.24,399.15,395.2,398.06,34235700
DSEH,28-Jan-2019,84.62,85.06,83.79,84.75,122200
DSEN,28-Jan-2019,515.81,515.81,504.83,510.44,347372600
DSES,28-Jan-2019,169.63,171.62,169.26,171.56,2661600
DSEU,28-Jan-2019,252.55,253.47,250.21,251.28,59639200
DSFA,28-Jan-2019,474.93,476.04,471.27,475.56,70482500
DSFB,28-Jan-2019,556.28,558.36,553.89,558.36,74165400
DSFC,28-Jan-2019,139.59,139.63,138.58,139.63,30972000
DSFD,28-Jan-2019,392.86,395.9,391.22,395.9,11091200
DSFE,28-Jan-2019,573.3,573.3,566.44,572.63,21827200
DSFH,28-Jan-2019,296.51,296.86,290.86,294.93,4375600
DSFI,28-Jan-2019,949.32,949.32,940.8,948.53,115535900
DSFN,28-Jan-2019,568.42,570.79,566.13,570.65,565338900
DSFO,28-Jan-2019,339.75,342.93,338.54,342.92,52675800
DSFP,28-Jan-2019,470,474.49,468.42,474.48,52675800
DSFR,28-Jan-2019,201.59,201.72,198.09,199.97,796800
DSFT,28-Jan-2019,1462.57,1477.57,1462.57,1474.15,9114800
DSFV,28-Jan-2019,613.93,615.66,610.1,615.28,0
DSGF,28-Jan-2019,1064.24,1064.24,1054.68,1063.35,115535900
DSGI,28-Jan-2019,398.41,398.41,391.18,395.28,129030000
DSGT,28-Jan-2019,1334.79,1335.28,1319.41,1334.68,123948200
DSGU,28-Jan-2019,312.09,312.34,308.16,309.99,5582700
DSHB,28-Jan-2019,681.28,696.12,677.13,684.08,19826700
DSHC,28-Jan-2019,952.75,952.75,941.66,946.02,245646000
DSHD,28-Jan-2019,216.49,219.71,215.22,218.98,6210400
DSHG,28-Jan-2019,606.27,609.24,603.49,606.88,43306700
DSHI,28-Jan-2019,370.83,370.83,364.73,369.44,9687400
DSHL,28-Jan-2019,111.48,113.58,111.48,113.18,18198500
DSHN,28-Jan-2019,756.45,759.36,751.65,756.09,12893900
DSHP,28-Jan-2019,2000.09,2000.09,1976.5,1995.93,28169500
DSHR,28-Jan-2019,1843,1843,1809.26,1824.53,36772200
DSHV,28-Jan-2019,382.15,383.1,377.83,381.6,9822900
DSIB,28-Jan-2019,311.46,312.74,309.38,312.06,2552700
DSID,28-Jan-2019,423.95,423.95,415.15,419.94,105170700
DSIF,28-Jan-2019,40.83,40.83,40.11,40.65,5514300
DSIG,28-Jan-2019,729.29,729.29,722.37,728.27,369818800
DSIL,28-Jan-2019,745.7,750.09,740.44,747.71,18723800
DSIM,28-Jan-2019,184.57,184.57,180.95,182.49,79366600
DSIN,28-Jan-2019,673.63,673.63,667.71,673.3,402948200
DSIO,28-Jan-2019,99.05,100.53,98.86,100.31,36943900
DSIP,28-Jan-2019,772.18,773.71,766.52,772.72,18329500
DSIQ,28-Jan-2019,1751.33,1751.33,1725.33,1742.07,58599400
DSIR,28-Jan-2019,591.53,592.94,587.29,591.84,49862300
DSIS,28-Jan-2019,515.19,515.93,511.79,515.73,93265000
DSIT,28-Jan-2019,1005.75,1005.8,996.94,1004.86,25095600
DSIU,28-Jan-2019,256.41,257.02,254.88,256.35,4741900
DSIV,28-Jan-2019,577.2,577.83,572.07,577.8,9922800
DSIX,28-Jan-2019,556.39,557.35,552.36,556.43,31138500
DSLE,28-Jan-2019,517.13,520.65,513.33,520.17,20135800
DSLG,28-Jan-2019,1668.53,1697.28,1665.58,1690.16,10017100
DSLW,28-Jan-2019,998.25,1003.44,996,1003.1,0
DSMC,28-Jan-2019,1441.44,1441.44,1423.63,1431.03,76603200
DSME,28-Jan-2019,848.64,851.55,842.43,851.55,118832500
DSMF,28-Jan-2019,7.12,7.24,7.12,7.21,4865500
DSMG,28-Jan-2019,76.17,76.44,75.29,75.66,11990100
DSMR,28-Jan-2019,56.36,56.56,56.24,56.49,30630300
DSMS,28-Jan-2019,826.63,828.2,817.27,820.34,6905200
DSMT,28-Jan-2019,222.03,225.81,221.28,225.74,523200
DSMU,28-Jan-2019,198.06,198.72,196.51,197.54,13804100
DSNC,28-Jan-2019,555.66,559.18,554.1,559.09,298743400
DSNF,28-Jan-2019,147.41,147.68,136.51,137.51,54626800
DSNG,28-Jan-2019,672.79,678.7,671.37,678.62,135066500
DSNS,28-Jan-2019,1536.9,1541.85,1519.51,1529.09,87616400
DSOG,28-Jan-2019,568.98,568.98,557.2,563.27,213684700
DSOI,28-Jan-2019,292.82,292.82,283.1,286.66,105760000
DSOL,28-Jan-2019,526.97,526.97,516.91,522.93,22224700
DSOQ,28-Jan-2019,373.86,373.86,364.8,369.22,132297500
DSOS,28-Jan-2019,648.53,648.53,633.82,640.33,191459900
DSPB,28-Jan-2019,348.62,349.36,346.84,348.28,9001000
DSPC,28-Jan-2019,267.52,268.24,265.31,266.68,5009500
DSPG,28-Jan-2019,561.07,567.32,560.57,567.17,50099800
DSPL,28-Jan-2019,643.67,643.95,634.55,643.77,26537400
DSPM,28-Jan-2019,75.87,76.19,74.66,75.07,11222100
DSPN,28-Jan-2019,750.85,750.85,741.93,745.64,169042800
DSPP,28-Jan-2019,166.61,166.72,163.72,165.28,796800
DSPR,28-Jan-2019,540.57,540.57,535.52,538.55,93975300
DSRA,28-Jan-2019,898.13,900.05,890.69,898.5,30709700
DSRB,28-Jan-2019,1735.72,1737,1711.28,1734.21,23897800
DSRD,28-Jan-2019,946.33,949.69,935.06,949.32,27056700
DSRE,28-Jan-2019,317.65,321.74,317.07,321.48,174161500
DSRH,28-Jan-2019,381.14,385.22,380.24,385.07,2783900
DSRI,28-Jan-2019,131.94,133.66,131.69,133.54,171377600
DSRL,28-Jan-2019,107.48,109.01,107.2,108.83,20873500
DSRN,28-Jan-2019,204.94,208.2,204.67,208.01,13823200
DSRP,28-Jan-2019,301.11,304.05,299.68,301.9,2582900
DSRQ,28-Jan-2019,139.06,141.41,138.8,141.01,12943100
DSRR,28-Jan-2019,2147.22,2151.11,2132.91,2147.98,10730000
DSRS,28-Jan-2019,1561.9,1568.84,1546.65,1568.47,40093100
DSRT,28-Jan-2019,1195.98,1196.77,1183.18,1196.77,162096300
DSRU,28-Jan-2019,1651.91,1661.4,1645.5,1660.8,34735400
DSSB,28-Jan-2019,1128.64,1128.64,1118.96,1127.36,33059900
DSSC,28-Jan-2019,3013.03,3091.88,3011.45,3067.97,393569000
DSSD,28-Jan-2019,636.12,637.88,631.57,635.31,17241000
DSSF,28-Jan-2019,294.56,294.56,291.29,294.03,47014600
DSSP,28-Jan-2019,226.82,226.82,224.64,225.7,5421800
DSSR,28-Jan-2019,195.64,197.91,194.94,197.89,43716800
DSST,28-Jan-2019,237.77,240.38,235.06,240.31,21206500
DSSV,28-Jan-2019,2256.32,2257.37,2233.92,2245.14,212768200
DSSW,28-Jan-2019,2239.22,2239.5,2215.89,2225.94,108630300
DSTB,28-Jan-2019,586.61,600.65,581.43,598.89,21524100
DSTC,28-Jan-2019,1735.88,1739.2,1724.92,1737.88,761321300
DSTK,28-Jan-2019,758.49,763.71,752.75,761.77,4836500
DSTL,28-Jan-2019,165.52,165.52,162.67,163.65,72728800
DSTP,28-Jan-2019,642.07,642.19,637.45,642.19,0
DSTQ,28-Jan-2019,1404.27,1418.99,1399.3,1418.87,548553100
DSTR,28-Jan-2019,72.2,73.43,72.13,72.84,8868900
DSTS,28-Jan-2019,202.43,204.66,200.61,203.2,3813400
DSTT,28-Jan-2019,658.02,674.03,655.83,667.05,3508800
DSTY,28-Jan-2019,793.52,799.15,786.56,798.72,17552800
DSUO,28-Jan-2019,286.46,287.25,284.01,285.41,20445400
DSUT,28-Jan-2019,270.37,271.25,267.95,269.12,80084700
DSVE,28-Jan-2019,252.86,253.78,250.52,251.59,59639200
DSVN,28-Jan-2019,359.54,363.22,357.96,361.95,3350000
DSWC,28-Jan-2019,370.31,370.31,360.61,362.45,41756700
DSWU,28-Jan-2019,2059.43,2067.02,2039.78,2052.01,1058500
DTCI,28-Jan-2019,1546.44,1562.1,1539.36,1560.79,0
DTEI,28-Jan-2019,1845.07,1864.86,1836.14,1863.21,0
DTFD,28-Jan-2019,40,80,40,75,0
DTFI,28-Jan-2019,45,55,45,50,0
DTFX,28-Jan-2019,123.76,123.92,123.58,123.76,0
DTOF,28-Jan-2019,15,30,15,25,0
DTOH,28-Jan-2019,15,35,15,35,0
DTTH,28-Jan-2019,25,35,25,30,0
DTTW,28-Jan-2019,90,100,85,90,0
DTWC,28-Jan-2019,18141.6,18141.6,17910.11,18037.38,0
DTWI,28-Jan-2019,54630.73,54630.73,53721.8,54169.22,0
DTWT,28-Jan-2019,15735.89,15742.37,15578.87,15735.6,0
DTWU,28-Jan-2019,3027.52,3040.03,2999.07,3011.77,0
DUBS,28-Jan-2019,80.54,80.58,79.74,79.86,0
DUFD,28-Jan-2019,26.66,46.66,13.33,20,0
DUFI,28-Jan-2019,53.33,53.33,40,46.66,0
DUOF,28-Jan-2019,66.66,66.66,60,60,0
DUOH,28-Jan-2019,66.66,66.66,53.33,60,0
DUSL,28-Jan-2019,562.29,562.29,557.62,561.81,0
DUSM,28-Jan-2019,989.61,994.24,987.08,994.04,0
DUSS,28-Jan-2019,1017.64,1023.92,1015.86,1023.26,0
DUTH,28-Jan-2019,73.33,73.33,66.66,66.66,0
DUTW,28-Jan-2019,80,80,53.33,66.66,0
DVCA,28-Jan-2019,3.05,40.9,3.05,36.2,0
DVCC,28-Jan-2019,10.59,39.57,8.72,36.6,0
DVCE,28-Jan-2019,71.97,1241.38,71.97,1142.53,0
DVCN,28-Jan-2019,197.93,2416.01,197.93,2105.38,0
DVCQ,28-Jan-2019,110.93,1422.2,110.93,1279.65,0
DVCS,28-Jan-2019,18.11,151.75,18.11,151.51,0
DVCT,28-Jan-2019,311.93,3879.12,311.93,3421.25,0
DVCU,28-Jan-2019,225.55,3072.54,225.55,2661.98,0
DVCV,28-Jan-2019,8.4,59.22,8.4,59.22,0
DVCX,28-Jan-2019,37.1,250.13,37.1,247.34,0
DVS,28-Jan-2019,37.6,37.6,37.6,37.6,0
DWCB,28-Jan-2019,5170.76,5205.38,5150.72,5196.86,0
DXY,28-Jan-2019,95.78,95.91,95.63,95.75,0
EVZ,28-Jan-2019,6.61,7.35,6.61,6.97,0
FBV,28-Jan-2019,24.22,24.23,24.16,24.2,0
FVX,28-Jan-2019,2.6,2.6,2.56,2.58,0
GLD,28-Jan-2019,1301.41,1304.04,1297.74,1303.1,404753
GNX,28-Jan-2019,409.69,409.69,399.36,401.27,0
GVX,28-Jan-2019,10.85,10.87,10.63,10.66,0
GVZ,28-Jan-2019,11.12,11.34,10.86,11.04,0
HGX,28-Jan-2019,264.6,269.01,264.36,267.55,0
HIGA,28-Jan-2019,7,7,7,7,0
HIGC,28-Jan-2019,0.01,0.01,0.01,0.01,0
HIGD,28-Jan-2019,0.01,0.01,0.01,0.01,0
HIGE,28-Jan-2019,7,7,7,7,0
HIGN,28-Jan-2019,25,25,25,25,0
HIGQ,28-Jan-2019,31,31,31,31,0
HIGS,28-Jan-2019,10,10,10,10,0
HIGU,28-Jan-2019,41,41,41,41,0
HIGV,28-Jan-2019,5,5,5,5,0
HUI,28-Jan-2019,159.59,161.48,159.42,160.93,0
IDX,28-Jan-2019,1807.39,1817.62,1801.88,1816.06,482367000
INDS,28-Jan-2019,5807.77,5828.77,5771.93,5828.77,0
INSR,28-Jan-2019,8392.58,8428.63,8367.89,8417.13,0
IQX,28-Jan-2019,4010.44,4010.44,3962.47,3993.59,0
IQZ,28-Jan-2019,10440.36,10489.38,10399.65,10478.61,0
IRX,28-Jan-2019,2.33,2.33,2.33,2.33,0
IVX,28-Jan-2019,1061.59,1063.91,1055,1063.91,0
IXB,28-Jan-2019,559.76,561.79,556.61,561.79,0
IXCO,28-Jan-2019,4103.44,4112.01,4077.37,4108.06,0
IXE,28-Jan-2019,630.57,630.57,622.82,629.51,0
IXF,28-Jan-2019,4401.41,4438.93,4397.82,4437.68,0
IXHC,28-Jan-2019,806.16,807.43,796.29,799.04,0
IXI,28-Jan-2019,696.66,696.66,689.77,695.73,0
IXM,28-Jan-2019,318.64,319.3,316.56,319.09,0
IXR,28-Jan-2019,519.61,522.7,517.5,522.7,0
IXTC,28-Jan-2019,366.74,367.18,364.22,367.11,0
IXU,28-Jan-2019,539.68,541.59,534.59,537.17,0
IXV,28-Jan-2019,888.36,888.36,878.07,882.2,0
IXY,28-Jan-2019,1071.81,1074.33,1064.02,1074.27,0
JX,28-Jan-2019,608.68,614.78,607.51,614.78,77994800
KDX,28-Jan-2019,127.43,128.32,127.38,128.16,0
KIX,28-Jan-2019,249.23,250.43,247.91,250.15,0
KPX,28-Jan-2019,658.86,660.92,654.84,660.69,0
KRX,28-Jan-2019,101.02,102.49,100.96,102.41,0
KSX,28-Jan-2019,360.63,361.93,358.54,361.7,0
KYX,28-Jan-2019,80.98,82.2,80.97,82.04,0
LOWA,28-Jan-2019,0.01,0.01,0.01,0.01,0
LOWC,28-Jan-2019,0.01,0.01,0.01,0.01,0
LOWD,28-Jan-2019,0.01,0.01,0.01,0.01,0
LOWE,28-Jan-2019,6,6,6,6,0
LOWN,28-Jan-2019,12,12,12,12,0
LOWQ,28-Jan-2019,20,20,20,20,0
LOWS,28-Jan-2019,2,2,2,2,0
LOWU,28-Jan-2019,35,35,35,35,0
LOWV,28-Jan-2019,0.01,0.01,0.01,0.01,0
M1DA,28-Jan-2019,29,29,29,29,19900
M1DB,28-Jan-2019,2,2,2,2,2500
M1DC,28-Jan-2019,207,207,207,207,200700
M1DE,28-Jan-2019,142,142,142,142,174100
M1DF,28-Jan-2019,7,7,7,7,6800
M1DG,28-Jan-2019,174,174,174,174,97800
M1DH,28-Jan-2019,480,480,480,480,372100
M1DI,28-Jan-2019,8,8,8,8,6900
M1DJ,28-Jan-2019,0.01,0.01,0.01,0.01,2800
M1DK,28-Jan-2019,11,11,11,11,6800
M1DL,28-Jan-2019,117,117,117,117,256100
M1DM,28-Jan-2019,-2,-2,-2,-2,3300
M1DN,28-Jan-2019,313,313,313,313,199600
M1DO,28-Jan-2019,2,2,2,2,10200
M1DP,28-Jan-2019,63,63,63,63,50400
M1DQ,28-Jan-2019,255,255,255,255,245700
M1DR,28-Jan-2019,24,24,24,24,3200
M1DS,28-Jan-2019,0.01,0.01,0.01,0.01,6100
M1DT,28-Jan-2019,0.01,0.01,0.01,0.01,3000
M1DU,28-Jan-2019,124,124,124,124,284700
M1DV,28-Jan-2019,473,473,473,473,343400
M1DW,28-Jan-2019,3,3,3,3,2600
M1DX,28-Jan-2019,597,597,597,597,465300
M1DY,28-Jan-2019,10,10,10,10,6400
M1DZ,28-Jan-2019,380,380,380,380,297000
M1HA,28-Jan-2019,36,36,36,36,19900
M1HB,28-Jan-2019,2,2,2,2,2500
M1HC,28-Jan-2019,296,296,296,296,200700
M1HE,28-Jan-2019,171,171,171,171,174100
M1HF,28-Jan-2019,7,7,7,7,6800
M1HG,28-Jan-2019,187,187,187,187,97800
M1HH,28-Jan-2019,566,566,566,566,372100
M1HI,28-Jan-2019,8,8,8,8,6900
M1HJ,28-Jan-2019,0.01,0.01,0.01,0.01,2800
M1HK,28-Jan-2019,12,12,12,12,6800
M1HL,28-Jan-2019,190,190,190,190,256100
M1HM,28-Jan-2019,2,2,2,2,3300
M1HN,28-Jan-2019,366,366,366,366,199600
M1HO,28-Jan-2019,7,7,7,7,10200
M1HP,28-Jan-2019,74,74,74,74,50400
M1HQ,28-Jan-2019,354,354,354,354,245700
M1HR,28-Jan-2019,24,24,24,24,3200
M1HS,28-Jan-2019,4,4,4,4,6100
M1HT,28-Jan-2019,0.01,0.01,0.01,0.01,3000
M1HU,28-Jan-2019,179,179,179,179,284700
M1HV,28-Jan-2019,577,577,577,577,343400
M1HW,28-Jan-2019,4,4,4,4,2600
M1HX,28-Jan-2019,756,756,756,756,465300
M1HY,28-Jan-2019,11,11,11,11,6400
M1HZ,28-Jan-2019,482,482,482,482,297000
M1LA,28-Jan-2019,7,7,7,7,19900
M1LB,28-Jan-2019,0.01,0.01,0.01,0.01,2500
M1LC,28-Jan-2019,89,89,89,89,200700
M1LE,28-Jan-2019,29,29,29,29,174100
M1LF,28-Jan-2019,0.01,0.01,0.01,0.01,6800
M1LG,28-Jan-2019,13,13,13,13,97800
M1LH,28-Jan-2019,86,86,86,86,372100
M1LI,28-Jan-2019,0.01,0.01,0.01,0.01,6900
M1LJ,28-Jan-2019,0.01,0.01,0.01,0.01,2800
M1LK,28-Jan-2019,1,1,1,1,6800
M1LL,28-Jan-2019,73,73,73,73,256100
M1LM,28-Jan-2019,4,4,4,4,3300
M1LN,28-Jan-2019,53,53,53,53,199600
M1LO,28-Jan-2019,5,5,5,5,10200
M1LP,28-Jan-2019,11,11,11,11,50400
M1LQ,28-Jan-2019,99,99,99,99,245700
M1LR,28-Jan-2019,0.01,0.01,0.01,0.01,3200
M1LS,28-Jan-2019,4,4,4,4,6100
M1LT,28-Jan-2019,0.01,0.01,0.01,0.01,3000
M1LU,28-Jan-2019,55,55,55,55,284700
M1LV,28-Jan-2019,104,104,104,104,343400
M1LW,28-Jan-2019,1,1,1,1,2600
M1LX,28-Jan-2019,159,159,159,159,465300
M1LY,28-Jan-2019,1,1,1,1,6400
M1LZ,28-Jan-2019,102,102,102,102,297000
M3DA,28-Jan-2019,12,12,12,12,19900
M3DB,28-Jan-2019,1,1,1,1,2500
M3DC,28-Jan-2019,27,27,27,27,200700
M3DE,28-Jan-2019,59,59,59,59,174100
M3DF,28-Jan-2019,0.01,0.01,0.01,0.01,6800
M3DG,28-Jan-2019,43,43,43,43,97800
M3DH,28-Jan-2019,127,127,127,127,372100
M3DI,28-Jan-2019,1,1,1,1,6900
M3DJ,28-Jan-2019,0.01,0.01,0.01,0.01,2800
M3DK,28-Jan-2019,5,5,5,5,6800
M3DL,28-Jan-2019,33,33,33,33,256100
M3DM,28-Jan-2019,0.01,0.01,0.01,0.01,3300
M3DN,28-Jan-2019,79,79,79,79,199600
M3DO,28-Jan-2019,-3,-3,-3,-3,10200
M3DP,28-Jan-2019,12,12,12,12,50400
M3DQ,28-Jan-2019,69,69,69,69,245700
M3DR,28-Jan-2019,6,6,6,6,3200
M3DS,28-Jan-2019,-1,-1,-1,-1,6100
M3DT,28-Jan-2019,0.01,0.01,0.01,0.01,3000
M3DU,28-Jan-2019,36,36,36,36,284700
M3DV,28-Jan-2019,124,124,124,124,343400
M3DW,28-Jan-2019,0.01,0.01,0.01,0.01,2600
M3DX,28-Jan-2019,160,160,160,160,465300
M3DY,28-Jan-2019,0.01,0.01,0.01,0.01,6400
M3DZ,28-Jan-2019,70,70,70,70,297000
M3HA,28-Jan-2019,14,14,14,14,19900
M3HB,28-Jan-2019,1,1,1,1,2500
M3HC,28-Jan-2019,66,66,66,66,200700
M3HE,28-Jan-2019,68,68,68,68,174100
M3HF,28-Jan-2019,0.01,0.01,0.01,0.01,6800
M3HG,28-Jan-2019,48,48,48,48,97800
M3HH,28-Jan-2019,161,161,161,161,372100
M3HI,28-Jan-2019,1,1,1,1,6900
M3HJ,28-Jan-2019,0.01,0.01,0.01,0.01,2800
M3HK,28-Jan-2019,6,6,6,6,6800
M3HL,28-Jan-2019,64,64,64,64,256100
M3HM,28-Jan-2019,0.01,0.01,0.01,0.01,3300
M3HN,28-Jan-2019,101,101,101,101,199600
M3HO,28-Jan-2019,0.01,0.01,0.01,0.01,10200
M3HP,28-Jan-2019,16,16,16,16,50400
M3HQ,28-Jan-2019,110,110,110,110,245700
M3HR,28-Jan-2019,6,6,6,6,3200
M3HS,28-Jan-2019,2,2,2,2,6100
M3HT,28-Jan-2019,0.01,0.01,0.01,0.01,3000
M3HU,28-Jan-2019,53,53,53,53,284700
M3HV,28-Jan-2019,172,172,172,172,343400
M3HW,28-Jan-2019,0.01,0.01,0.01,0.01,2600
M3HX,28-Jan-2019,225,225,225,225,465300
M3HY,28-Jan-2019,0.01,0.01,0.01,0.01,6400
M3HZ,28-Jan-2019,114,114,114,114,297000
M3LA,28-Jan-2019,2,2,2,2,19900
M3LB,28-Jan-2019,0.01,0.01,0.01,0.01,2500
M3LC,28-Jan-2019,39,39,39,39,200700
M3LE,28-Jan-2019,9,9,9,9,174100
M3LF,28-Jan-2019,0.01,0.01,0.01,0.01,6800
M3LG,28-Jan-2019,5,5,5,5,97800
M3LH,28-Jan-2019,34,34,34,34,372100
M3LI,28-Jan-2019,0.01,0.01,0.01,0.01,6900
M3LJ,28-Jan-2019,0.01,0.01,0.01,0.01,2800
M3LK,28-Jan-2019,1,1,1,1,6800
M3LL,28-Jan-2019,31,31,31,31,256100
M3LM,28-Jan-2019,0.01,0.01,0.01,0.01,3300
M3LN,28-Jan-2019,22,22,22,22,199600
M3LO,28-Jan-2019,3,3,3,3,10200
M3LP,28-Jan-2019,4,4,4,4,50400
M3LQ,28-Jan-2019,41,41,41,41,245700
M3LR,28-Jan-2019,0.01,0.01,0.01,0.01,3200
M3LS,28-Jan-2019,3,3,3,3,6100
M3LT,28-Jan-2019,0.01,0.01,0.01,0.01,3000
M3LU,28-Jan-2019,17,17,17,17,284700
M3LV,28-Jan-2019,48,48,48,48,343400
M3LW,28-Jan-2019,0.01,0.01,0.01,0.01,2600
M3LX,28-Jan-2019,65,65,65,65,465300
M3LY,28-Jan-2019,0.01,0.01,0.01,0.01,6400
M3LZ,28-Jan-2019,44,44,44,44,297000
M5DA,28-Jan-2019,32,32,32,32,19900
M5DB,28-Jan-2019,5,5,5,5,2500
M5DC,28-Jan-2019,-37,-37,-37,-37,200700
M5DE,28-Jan-2019,71,71,71,71,174100
M5DF,28-Jan-2019,-3,-3,-3,-3,6800
M5DG,28-Jan-2019,76,76,76,76,97800
M5DH,28-Jan-2019,183,183,183,183,372100
M5DI,28-Jan-2019,-3,-3,-3,-3,6900
M5DJ,28-Jan-2019,-8,-8,-8,-8,2800
M5DK,28-Jan-2019,3,3,3,3,6800
M5DL,28-Jan-2019,12,12,12,12,256100
M5DM,28-Jan-2019,-14,-14,-14,-14,3300
M5DN,28-Jan-2019,117,117,117,117,199600
M5DO,28-Jan-2019,-23,-23,-23,-23,10200
M5DP,28-Jan-2019,-7,-7,-7,-7,50400
M5DQ,28-Jan-2019,46,46,46,46,245700
M5DR,28-Jan-2019,26,26,26,26,3200
M5DS,28-Jan-2019,-22,-22,-22,-22,6100
M5DT,28-Jan-2019,-5,-5,-5,-5,3000
M5DU,28-Jan-2019,0.01,0.01,0.01,0.01,284700
M5DV,28-Jan-2019,195,195,195,195,343400
M5DW,28-Jan-2019,4,4,4,4,2600
M5DX,28-Jan-2019,195,195,195,195,465300
M5DY,28-Jan-2019,10,10,10,10,6400
M5DZ,28-Jan-2019,42,42,42,42,297000
M5HA,28-Jan-2019,73,73,73,73,19900
M5HB,28-Jan-2019,6,6,6,6,2500
M5HC,28-Jan-2019,447,447,447,447,200700
M5HE,28-Jan-2019,252,252,252,252,174100
M5HF,28-Jan-2019,7,7,7,7,6800
M5HG,28-Jan-2019,229,229,229,229,97800
M5HH,28-Jan-2019,783,783,783,783,372100
M5HI,28-Jan-2019,9,9,9,9,6900
M5HJ,28-Jan-2019,0.01,0.01,0.01,0.01,2800
M5HK,28-Jan-2019,13,13,13,13,6800
M5HL,28-Jan-2019,390,390,390,390,256100
M5HM,28-Jan-2019,5,5,5,5,3300
M5HN,28-Jan-2019,513,513,513,513,199600
M5HO,28-Jan-2019,9,9,9,9,10200
M5HP,28-Jan-2019,92,92,92,92,50400
M5HQ,28-Jan-2019,587,587,587,587,245700
M5HR,28-Jan-2019,26,26,26,26,3200
M5HS,28-Jan-2019,4,4,4,4,6100
M5HT,28-Jan-2019,1,1,1,1,3000
M5HU,28-Jan-2019,350,350,350,350,284700
M5HV,28-Jan-2019,823,823,823,823,343400
M5HW,28-Jan-2019,6,6,6,6,2600
M5HX,28-Jan-2019,1173,1173,1173,1173,465300
M5HY,28-Jan-2019,15,15,15,15,6400
M5HZ,28-Jan-2019,674,674,674,674,297000
M5LA,28-Jan-2019,41,41,41,41,19900
M5LB,28-Jan-2019,1,1,1,1,2500
M5LC,28-Jan-2019,484,484,484,484,200700
M5LE,28-Jan-2019,181,181,181,181,174100
M5LF,28-Jan-2019,10,10,10,10,6800
M5LG,28-Jan-2019,153,153,153,153,97800
M5LH,28-Jan-2019,600,600,600,600,372100
M5LI,28-Jan-2019,12,12,12,12,6900
M5LJ,28-Jan-2019,8,8,8,8,2800
M5LK,28-Jan-2019,10,10,10,10,6800
M5LL,28-Jan-2019,378,378,378,378,256100
M5LM,28-Jan-2019,19,19,19,19,3300
M5LN,28-Jan-2019,396,396,396,396,199600
M5LO,28-Jan-2019,32,32,32,32,10200
M5LP,28-Jan-2019,99,99,99,99,50400
M5LQ,28-Jan-2019,541,541,541,541,245700
M5LR,28-Jan-2019,0.01,0.01,0.01,0.01,3200
M5LS,28-Jan-2019,26,26,26,26,6100
M5LT,28-Jan-2019,6,6,6,6,3000
M5LU,28-Jan-2019,350,350,350,350,284700
M5LV,28-Jan-2019,628,628,628,628,343400
M5LW,28-Jan-2019,2,2,2,2,2600
M5LX,28-Jan-2019,978,978,978,978,465300
M5LY,28-Jan-2019,5,5,5,5,6400
M5LZ,28-Jan-2019,632,632,632,632,297000
M6DA,28-Jan-2019,8,8,8,8,19900
M6DB,28-Jan-2019,0.01,0.01,0.01,0.01,2500
M6DC,28-Jan-2019,-14,-14,-14,-14,200700
M6DE,28-Jan-2019,21,21,21,21,174100
M6DF,28-Jan-2019,0.01,0.01,0.01,0.01,6800
M6DG,28-Jan-2019,16,16,16,16,97800
M6DH,28-Jan-2019,36,36,36,36,372100
M6DI,28-Jan-2019,0.01,0.01,0.01,0.01,6900
M6DJ,28-Jan-2019,0.01,0.01,0.01,0.01,2800
M6DK,28-Jan-2019,3,3,3,3,6800
M6DL,28-Jan-2019,-7,-7,-7,-7,256100
M6DM,28-Jan-2019,0.01,0.01,0.01,0.01,3300
M6DN,28-Jan-2019,18,18,18,18,199600
M6DO,28-Jan-2019,-2,-2,-2,-2,10200
M6DP,28-Jan-2019,7,7,7,7,50400
M6DQ,28-Jan-2019,3,3,3,3,245700
M6DR,28-Jan-2019,4,4,4,4,3200
M6DS,28-Jan-2019,0.01,0.01,0.01,0.01,6100
M6DT,28-Jan-2019,0.01,0.01,0.01,0.01,3000
M6DU,28-Jan-2019,2,2,2,2,284700
M6DV,28-Jan-2019,27,27,27,27,343400
M6DW,28-Jan-2019,0.01,0.01,0.01,0.01,2600
M6DX,28-Jan-2019,29,29,29,29,465300
M6DY,28-Jan-2019,0.01,0.01,0.01,0.01,6400
M6DZ,28-Jan-2019,2,2,2,2,297000
M6HA,28-Jan-2019,10,10,10,10,19900
M6HB,28-Jan-2019,0.01,0.01,0.01,0.01,2500
M6HC,28-Jan-2019,17,17,17,17,200700
M6HE,28-Jan-2019,30,30,30,30,174100
M6HF,28-Jan-2019,0.01,0.01,0.01,0.01,6800
M6HG,28-Jan-2019,20,20,20,20,97800
M6HH,28-Jan-2019,63,63,63,63,372100
M6HI,28-Jan-2019,0.01,0.01,0.01,0.01,6900
M6HJ,28-Jan-2019,0.01,0.01,0.01,0.01,2800
M6HK,28-Jan-2019,4,4,4,4,6800
M6HL,28-Jan-2019,21,21,21,21,256100
M6HM,28-Jan-2019,0.01,0.01,0.01,0.01,3300
M6HN,28-Jan-2019,35,35,35,35,199600
M6HO,28-Jan-2019,0.01,0.01,0.01,0.01,10200
M6HP,28-Jan-2019,10,10,10,10,50400
M6HQ,28-Jan-2019,39,39,39,39,245700
M6HR,28-Jan-2019,4,4,4,4,3200
M6HS,28-Jan-2019,2,2,2,2,6100
M6HT,28-Jan-2019,0.01,0.01,0.01,0.01,3000
M6HU,28-Jan-2019,16,16,16,16,284700
M6HV,28-Jan-2019,68,68,68,68,343400
M6HW,28-Jan-2019,0.01,0.01,0.01,0.01,2600
M6HX,28-Jan-2019,84,84,84,84,465300
M6HY,28-Jan-2019,0.01,0.01,0.01,0.01,6400
M6HZ,28-Jan-2019,37,37,37,37,297000
M6LA,28-Jan-2019,2,2,2,2,19900
M6LB,28-Jan-2019,0.01,0.01,0.01,0.01,2500
M6LC,28-Jan-2019,31,31,31,31,200700
M6LE,28-Jan-2019,9,9,9,9,174100
M6LF,28-Jan-2019,0.01,0.01,0.01,0.01,6800
M6LG,28-Jan-2019,4,4,4,4,97800
M6LH,28-Jan-2019,27,27,27,27,372100
M6LI,28-Jan-2019,0.01,0.01,0.01,0.01,6900
M6LJ,28-Jan-2019,0.01,0.01,0.01,0.01,2800
M6LK,28-Jan-2019,1,1,1,1,6800
M6LL,28-Jan-2019,28,28,28,28,256100
M6LM,28-Jan-2019,0.01,0.01,0.01,0.01,3300
M6LN,28-Jan-2019,17,17,17,17,199600
M6LO,28-Jan-2019,2,2,2,2,10200
M6LP,28-Jan-2019,3,3,3,3,50400
M6LQ,28-Jan-2019,36,36,36,36,245700
M6LR,28-Jan-2019,0.01,0.01,0.01,0.01,3200
M6LS,28-Jan-2019,2,2,2,2,6100
M6LT,28-Jan-2019,0.01,0.01,0.01,0.01,3000
M6LU,28-Jan-2019,14,14,14,14,284700
M6LV,28-Jan-2019,41,41,41,41,343400
M6LW,28-Jan-2019,0.01,0.01,0.01,0.01,2600
M6LX,28-Jan-2019,55,55,55,55,465300
M6LY,28-Jan-2019,0.01,0.01,0.01,0.01,6400
M6LZ,28-Jan-2019,35,35,35,35,297000
MADA,28-Jan-2019,5,5,5,5,19900
MADB,28-Jan-2019,0.01,0.01,0.01,0.01,2500
MADC,28-Jan-2019,-3,-3,-3,-3,200700
MADE,28-Jan-2019,0.01,0.01,0.01,0.01,174100
MADF,28-Jan-2019,0.01,0.01,0.01,0.01,6800
MADG,28-Jan-2019,15,15,15,15,97800
MADH,28-Jan-2019,34,34,34,34,372100
MADI,28-Jan-2019,0.01,0.01,0.01,0.01,6900
MADJ,28-Jan-2019,0.01,0.01,0.01,0.01,2800
MADK,28-Jan-2019,3,3,3,3,6800
MADL,28-Jan-2019,-10,-10,-10,-10,256100
MADM,28-Jan-2019,0.01,0.01,0.01,0.01,3300
MADN,28-Jan-2019,13,13,13,13,199600
MADO,28-Jan-2019,-1,-1,-1,-1,10200
MADP,28-Jan-2019,7,7,7,7,50400
MADQ,28-Jan-2019,6,6,6,6,245700
MADR,28-Jan-2019,4,4,4,4,3200
MADS,28-Jan-2019,0.01,0.01,0.01,0.01,6100
MADT,28-Jan-2019,0.01,0.01,0.01,0.01,3000
MADU,28-Jan-2019,0.01,0.01,0.01,0.01,284700
MADV,28-Jan-2019,24,24,24,24,343400
MADW,28-Jan-2019,0.01,0.01,0.01,0.01,2600
MADX,28-Jan-2019,24,24,24,24,465300
MADY,28-Jan-2019,0.01,0.01,0.01,0.01,6400
MADZ,28-Jan-2019,12,12,12,12,297000
MAHA,28-Jan-2019,7,7,7,7,19900
MAHB,28-Jan-2019,0.01,0.01,0.01,0.01,2500
MAHC,28-Jan-2019,14,14,14,14,200700
MAHE,28-Jan-2019,4,4,4,4,174100
MAHF,28-Jan-2019,0.01,0.01,0.01,0.01,6800
MAHG,28-Jan-2019,17,17,17,17,97800
MAHH,28-Jan-2019,48,48,48,48,372100
MAHI,28-Jan-2019,0.01,0.01,0.01,0.01,6900
MAHJ,28-Jan-2019,0.01,0.01,0.01,0.01,2800
MAHK,28-Jan-2019,3,3,3,3,6800
MAHL,28-Jan-2019,13,13,13,13,256100
MAHM,28-Jan-2019,0.01,0.01,0.01,0.01,3300
MAHN,28-Jan-2019,25,25,25,25,199600
MAHO,28-Jan-2019,0.01,0.01,0.01,0.01,10200
MAHP,28-Jan-2019,8,8,8,8,50400
MAHQ,28-Jan-2019,29,29,29,29,245700
MAHR,28-Jan-2019,4,4,4,4,3200
MAHS,28-Jan-2019,1,1,1,1,6100
MAHT,28-Jan-2019,0.01,0.01,0.01,0.01,3000
MAHU,28-Jan-2019,11,11,11,11,284700
MAHV,28-Jan-2019,50,50,50,50,343400
MAHW,28-Jan-2019,0.01,0.01,0.01,0.01,2600
MAHX,28-Jan-2019,61,61,61,61,465300
MAHY,28-Jan-2019,0.01,0.01,0.01,0.01,6400
MAHZ,28-Jan-2019,31,31,31,31,297000
MALA,28-Jan-2019,2,2,2,2,19900
MALB,28-Jan-2019,0.01,0.01,0.01,0.01,2500
MALC,28-Jan-2019,17,17,17,17,200700
MALE,28-Jan-2019,4,4,4,4,174100
MALF,28-Jan-2019,0.01,0.01,0.01,0.01,6800
MALG,28-Jan-2019,2,2,2,2,97800
MALH,28-Jan-2019,14,14,14,14,372100
MALI,28-Jan-2019,0.01,0.01,0.01,0.01,6900
MALJ,28-Jan-2019,0.01,0.01,0.01,0.01,2800
MALK,28-Jan-2019,0.01,0.01,0.01,0.01,6800
MALL,28-Jan-2019,23,23,23,23,256100
MALM,28-Jan-2019,0.01,0.01,0.01,0.01,3300
MALN,28-Jan-2019,12,12,12,12,199600
MALO,28-Jan-2019,1,1,1,1,10200
MALP,28-Jan-2019,1,1,1,1,50400
MALQ,28-Jan-2019,23,23,23,23,245700
MALR,28-Jan-2019,0.01,0.01,0.01,0.01,3200
MALS,28-Jan-2019,1,1,1,1,6100
MALT,28-Jan-2019,0.01,0.01,0.01,0.01,3000
MALU,28-Jan-2019,11,11,11,11,284700
MALV,28-Jan-2019,26,26,26,26,343400
MALW,28-Jan-2019,0.01,0.01,0.01,0.01,2600
MALX,28-Jan-2019,37,37,37,37,465300
MALY,28-Jan-2019,0.01,0.01,0.01,0.01,6400
MALZ,28-Jan-2019,19,19,19,19,297000
MMFD,28-Jan-2019,58.3,66.23,52.38,62.09,0
MMFI,28-Jan-2019,64.53,66.43,62.92,65.11,0
MMOF,28-Jan-2019,28.22,29.52,28.12,29.11,0
MMOH,28-Jan-2019,35.25,37.33,34.77,37.05,0
MMTH,28-Jan-2019,28.86,30.16,28.35,29.58,0
MMTW,28-Jan-2019,77.74,78.43,74.22,75.96,0
MNFD,28-Jan-2019,72.07,72.07,71.36,71.36,0
MNFI,28-Jan-2019,68.55,68.55,67.44,67.44,0
MNOF,28-Jan-2019,30.51,30.51,29.81,29.83,0
MNOH,28-Jan-2019,38.52,38.54,37.82,37.83,0
MNTH,28-Jan-2019,31.38,31.38,30.57,30.58,0
MNTW,28-Jan-2019,82.9,82.9,82,82,0
MOFD,28-Jan-2019,81.7,81.72,80.58,80.58,0
MOFI,28-Jan-2019,65.28,65.28,64.36,64.36,0
MOOF,28-Jan-2019,29.1,29.12,28.48,28.48,0
MOOH,28-Jan-2019,34.85,34.85,34.25,34.25,0
MOTH,28-Jan-2019,30.19,30.19,29.38,29.38,0
MOTW,28-Jan-2019,90.52,90.52,89.48,89.48,0
MPFD,28-Jan-2019,74.07,74.07,72.11,72.11,0
MPFI,28-Jan-2019,10.79,10.81,10.62,10.68,0
MPOF,28-Jan-2019,11.43,11.43,11.14,11.18,0
MPOH,28-Jan-2019,9.75,9.78,9.58,9.6,0
MPTH,28-Jan-2019,14.25,14.25,13.91,13.95,0
MPTW,28-Jan-2019,10.15,10.38,10.15,10.35,0
MTFD,28-Jan-2019,60.47,65.91,58.82,63.02,0
MTFI,28-Jan-2019,75,77.49,73.06,76.84,0
MTOF,28-Jan-2019,39.18,39.87,37.41,39.87,0
MTOH,28-Jan-2019,46.95,48.07,45.79,47.58,0
MTTH,28-Jan-2019,38.51,38.51,36.53,36.97,0
MTTW,28-Jan-2019,77.7,77.7,74.35,75.24,0
MUFD,28-Jan-2019,69.25,69.69,68.16,68.16,0
MUFI,28-Jan-2019,77.02,77.45,76.52,76.52,0
MUOF,28-Jan-2019,41.21,41.21,39.42,39.54,0
MUOH,28-Jan-2019,47.63,47.81,46.62,46.94,0
MUTH,28-Jan-2019,38.17,38.2,36.85,36.97,0
MUTW,28-Jan-2019,79.72,79.79,79.03,79.42,0
MVFD,28-Jan-2019,66.55,67.2,66.32,67.2,0
MVFI,28-Jan-2019,75.33,75.33,73.95,73.95,0
MVOF,28-Jan-2019,36.82,36.82,35.69,36.01,0
MVOH,28-Jan-2019,43.24,43.43,42.44,42.76,0
MVTH,28-Jan-2019,35.81,35.88,35.04,35.36,0
MVTW,28-Jan-2019,85.81,85.81,85.16,85.53,0
MWFD,28-Jan-2019,75.67,75.67,74.75,75.24,0
MWFI,28-Jan-2019,20.27,20.65,20.06,20.25,0
MWOF,28-Jan-2019,17.56,17.94,17.3,17.36,0
MWOH,28-Jan-2019,17.22,17.6,17.04,17.36,0
MWTH,28-Jan-2019,19.93,20.26,19.55,19.61,0
MWTW,28-Jan-2019,23.64,24.26,23.62,23.79,0
MYDA,28-Jan-2019,29,29,29,29,19900
MYDB,28-Jan-2019,2,2,2,2,2500
MYDC,28-Jan-2019,203,203,203,203,200700
MYDE,28-Jan-2019,139,139,139,139,174100
MYDF,28-Jan-2019,7,7,7,7,6800
MYDG,28-Jan-2019,175,175,175,175,97800
MYDH,28-Jan-2019,481,481,481,481,372100
MYDI,28-Jan-2019,8,8,8,8,6900
MYDJ,28-Jan-2019,0.01,0.01,0.01,0.01,2800
MYDK,28-Jan-2019,11,11,11,11,6800
MYDL,28-Jan-2019,111,111,111,111,256100
MYDM,28-Jan-2019,-2,-2,-2,-2,3300
MYDN,28-Jan-2019,312,312,312,312,199600
MYDO,28-Jan-2019,2,2,2,2,10200
MYDP,28-Jan-2019,63,63,63,63,50400
MYDQ,28-Jan-2019,251,251,251,251,245700
MYDR,28-Jan-2019,24,24,24,24,3200
MYDS,28-Jan-2019,0.01,0.01,0.01,0.01,6100
MYDT,28-Jan-2019,0.01,0.01,0.01,0.01,3000
MYDU,28-Jan-2019,125,125,125,125,284700
MYDV,28-Jan-2019,467,467,467,467,343400
MYDW,28-Jan-2019,3,3,3,3,2600
MYDX,28-Jan-2019,592,592,592,592,465300
MYDY,28-Jan-2019,10,10,10,10,6400
MYDZ,28-Jan-2019,377,377,377,377,297000
MYHA,28-Jan-2019,38,38,38,38,19900
MYHB,28-Jan-2019,2,2,2,2,2500
MYHC,28-Jan-2019,298,298,298,298,200700
MYHE,28-Jan-2019,173,173,173,173,174100
MYHF,28-Jan-2019,7,7,7,7,6800
MYHG,28-Jan-2019,188,188,188,188,97800
MYHH,28-Jan-2019,570,570,570,570,372100
MYHI,28-Jan-2019,8,8,8,8,6900
MYHJ,28-Jan-2019,0.01,0.01,0.01,0.01,2800
MYHK,28-Jan-2019,12,12,12,12,6800
MYHL,28-Jan-2019,194,194,194,194,256100
MYHM,28-Jan-2019,2,2,2,2,3300
MYHN,28-Jan-2019,368,368,368,368,199600
MYHO,28-Jan-2019,7,7,7,7,10200
MYHP,28-Jan-2019,74,74,74,74,50400
MYHQ,28-Jan-2019,358,358,358,358,245700
MYHR,28-Jan-2019,24,24,24,24,3200
MYHS,28-Jan-2019,4,4,4,4,6100
MYHT,28-Jan-2019,0.01,0.01,0.01,0.01,3000
MYHU,28-Jan-2019,185,185,185,185,284700
MYHV,28-Jan-2019,579,579,579,579,343400
MYHW,28-Jan-2019,4,4,4,4,2600
MYHX,28-Jan-2019,764,764,764,764,465300
MYHY,28-Jan-2019,11,11,11,11,6400
MYHZ,28-Jan-2019,485,485,485,485,297000
MYLA,28-Jan-2019,9,9,9,9,19900
MYLB,28-Jan-2019,0.01,0.01,0.01,0.01,2500
MYLC,28-Jan-2019,95,95,95,95,200700
MYLE,28-Jan-2019,34,34,34,34,174100
MYLF,28-Jan-2019,0.01,0.01,0.01,0.01,6800
MYLG,28-Jan-2019,13,13,13,13,97800
MYLH,28-Jan-2019,89,89,89,89,372100
MYLI,28-Jan-2019,0.01,0.01,0.01,0.01,6900
MYLJ,28-Jan-2019,0.01,0.01,0.01,0.01,2800
MYLK,28-Jan-2019,1,1,1,1,6800
MYLL,28-Jan-2019,83,83,83,83,256100
MYLM,28-Jan-2019,4,4,4,4,3300
MYLN,28-Jan-2019,56,56,56,56,199600
MYLO,28-Jan-2019,5,5,5,5,10200
MYLP,28-Jan-2019,11,11,11,11,50400
MYLQ,28-Jan-2019,107,107,107,107,245700
MYLR,28-Jan-2019,0.01,0.01,0.01,0.01,3200
MYLS,28-Jan-2019,4,4,4,4,6100
MYLT,28-Jan-2019,0.01,0.01,0.01,0.01,3000
MYLU,28-Jan-2019,60,60,60,60,284700
MYLV,28-Jan-2019,112,112,112,112,343400
MYLW,28-Jan-2019,1,1,1,1,2600
MYLX,28-Jan-2019,172,172,172,172,465300
MYLY,28-Jan-2019,1,1,1,1,6400
MYLZ,28-Jan-2019,108,108,108,108,297000
N1DA,28-Jan-2019,101,101,101,101,59900
N1DB,28-Jan-2019,76,76,76,76,40000
N1DC,28-Jan-2019,17,17,17,17,10300
N1DD,28-Jan-2019,-3,-3,-3,-3,3000
N1DE,28-Jan-2019,0.01,0.01,0.01,0.01,6500
N1DF,28-Jan-2019,3,3,3,3,2000
N1DG,28-Jan-2019,0.01,0.01,0.01,0.01,1500
N1DH,28-Jan-2019,48,48,48,48,22900
N1DI,28-Jan-2019,10,10,10,10,5700
N1DJ,28-Jan-2019,21,21,21,21,20900
N1DK,28-Jan-2019,51,51,51,51,28300
N1DL,28-Jan-2019,50,50,50,50,36400
N1DM,28-Jan-2019,9,9,9,9,12400
N1DN,28-Jan-2019,110,110,110,110,77100
N1DO,28-Jan-2019,126,126,126,126,97600
N1DP,28-Jan-2019,62,62,62,62,36300
N1DU,28-Jan-2019,272,272,272,272,162900
N1HA,28-Jan-2019,118,118,118,118,59900
N1HB,28-Jan-2019,80,80,80,80,40000
N1HC,28-Jan-2019,18,18,18,18,10300
N1HD,28-Jan-2019,0.01,0.01,0.01,0.01,3000
N1HE,28-Jan-2019,3,3,3,3,6500
N1HF,28-Jan-2019,3,3,3,3,2000
N1HG,28-Jan-2019,0.01,0.01,0.01,0.01,1500
N1HH,28-Jan-2019,53,53,53,53,22900
N1HI,28-Jan-2019,12,12,12,12,5700
N1HJ,28-Jan-2019,36,36,36,36,20900
N1HK,28-Jan-2019,59,59,59,59,28300
N1HL,28-Jan-2019,75,75,75,75,36400
N1HM,28-Jan-2019,19,19,19,19,12400
N1HN,28-Jan-2019,153,153,153,153,77100
N1HO,28-Jan-2019,159,159,159,159,97600
N1HP,28-Jan-2019,64,64,64,64,36300
N1HU,28-Jan-2019,362,362,362,362,162900
N1LA,28-Jan-2019,17,17,17,17,59900
N1LB,28-Jan-2019,4,4,4,4,40000
N1LC,28-Jan-2019,1,1,1,1,10300
N1LD,28-Jan-2019,3,3,3,3,3000
N1LE,28-Jan-2019,3,3,3,3,6500
N1LF,28-Jan-2019,0.01,0.01,0.01,0.01,2000
N1LG,28-Jan-2019,0.01,0.01,0.01,0.01,1500
N1LH,28-Jan-2019,5,5,5,5,22900
N1LI,28-Jan-2019,2,2,2,2,5700
N1LJ,28-Jan-2019,15,15,15,15,20900
N1LK,28-Jan-2019,8,8,8,8,28300
N1LL,28-Jan-2019,25,25,25,25,36400
N1LM,28-Jan-2019,10,10,10,10,12400
N1LN,28-Jan-2019,43,43,43,43,77100
N1LO,28-Jan-2019,33,33,33,33,97600
N1LP,28-Jan-2019,2,2,2,2,36300
N1LU,28-Jan-2019,90,90,90,90,162900
N3DA,28-Jan-2019,23,23,23,23,59900
N3DB,28-Jan-2019,13,13,13,13,40000
N3DC,28-Jan-2019,5,5,5,5,10300
N3DD,28-Jan-2019,-1,-1,-1,-1,3000
N3DE,28-Jan-2019,0.01,0.01,0.01,0.01,6500
N3DF,28-Jan-2019,1,1,1,1,2000
N3DG,28-Jan-2019,0.01,0.01,0.01,0.01,1500
N3DH,28-Jan-2019,28,28,28,28,22900
N3DI,28-Jan-2019,3,3,3,3,5700
N3DJ,28-Jan-2019,13,13,13,13,20900
N3DK,28-Jan-2019,29,29,29,29,28300
N3DL,28-Jan-2019,32,32,32,32,36400
N3DM,28-Jan-2019,4,4,4,4,12400
N3DN,28-Jan-2019,65,65,65,65,77100
N3DO,28-Jan-2019,29,29,29,29,97600
N3DP,28-Jan-2019,36,36,36,36,36300
N3DU,28-Jan-2019,107,107,107,107,162900
N3HA,28-Jan-2019,29,29,29,29,59900
N3HB,28-Jan-2019,16,16,16,16,40000
N3HC,28-Jan-2019,6,6,6,6,10300
N3HD,28-Jan-2019,0.01,0.01,0.01,0.01,3000
N3HE,28-Jan-2019,1,1,1,1,6500
N3HF,28-Jan-2019,1,1,1,1,2000
N3HG,28-Jan-2019,0.01,0.01,0.01,0.01,1500
N3HH,28-Jan-2019,30,30,30,30,22900
N3HI,28-Jan-2019,4,4,4,4,5700
N3HJ,28-Jan-2019,18,18,18,18,20900
N3HK,28-Jan-2019,32,32,32,32,28300
N3HL,28-Jan-2019,42,42,42,42,36400
N3HM,28-Jan-2019,5,5,5,5,12400
N3HN,28-Jan-2019,79,79,79,79,77100
N3HO,28-Jan-2019,47,47,47,47,97600
N3HP,28-Jan-2019,36,36,36,36,36300
N3HU,28-Jan-2019,133,133,133,133,162900
N3LA,28-Jan-2019,6,6,6,6,59900
N3LB,28-Jan-2019,3,3,3,3,40000
N3LC,28-Jan-2019,1,1,1,1,10300
N3LD,28-Jan-2019,1,1,1,1,3000
N3LE,28-Jan-2019,1,1,1,1,6500
N3LF,28-Jan-2019,0.01,0.01,0.01,0.01,2000
N3LG,28-Jan-2019,0.01,0.01,0.01,0.01,1500
N3LH,28-Jan-2019,2,2,2,2,22900
N3LI,28-Jan-2019,1,1,1,1,5700
N3LJ,28-Jan-2019,5,5,5,5,20900
N3LK,28-Jan-2019,3,3,3,3,28300
N3LL,28-Jan-2019,10,10,10,10,36400
N3LM,28-Jan-2019,1,1,1,1,12400
N3LN,28-Jan-2019,14,14,14,14,77100
N3LO,28-Jan-2019,18,18,18,18,97600
N3LP,28-Jan-2019,0.01,0.01,0.01,0.01,36300
N3LU,28-Jan-2019,26,26,26,26,162900
N5DA,28-Jan-2019,8,8,8,8,59900
N5DB,28-Jan-2019,46,46,46,46,40000
N5DC,28-Jan-2019,0.01,0.01,0.01,0.01,10300
N5DD,28-Jan-2019,-11,-11,-11,-11,3000
N5DE,28-Jan-2019,-13,-13,-13,-13,6500
N5DF,28-Jan-2019,2,2,2,2,2000
N5DG,28-Jan-2019,-4,-4,-4,-4,1500
N5DH,28-Jan-2019,49,49,49,49,22900
N5DI,28-Jan-2019,9,9,9,9,5700
N5DJ,28-Jan-2019,21,21,21,21,20900
N5DK,28-Jan-2019,49,49,49,49,28300
N5DL,28-Jan-2019,50,50,50,50,36400
N5DM,28-Jan-2019,16,16,16,16,12400
N5DN,28-Jan-2019,115,115,115,115,77100
N5DO,28-Jan-2019,2,2,2,2,97600
N5DP,28-Jan-2019,5,5,5,5,36300
N5DU,28-Jan-2019,214,214,214,214,162900
N5HA,28-Jan-2019,155,155,155,155,59900
N5HB,28-Jan-2019,105,105,105,105,40000
N5HC,28-Jan-2019,22,22,22,22,10300
N5HD,28-Jan-2019,0.01,0.01,0.01,0.01,3000
N5HE,28-Jan-2019,3,3,3,3,6500
N5HF,28-Jan-2019,3,3,3,3,2000
N5HG,28-Jan-2019,0.01,0.01,0.01,0.01,1500
N5HH,28-Jan-2019,87,87,87,87,22900
N5HI,28-Jan-2019,18,18,18,18,5700
N5HJ,28-Jan-2019,82,82,82,82,20900
N5HK,28-Jan-2019,102,102,102,102,28300
N5HL,28-Jan-2019,145,145,145,145,36400
N5HM,28-Jan-2019,46,46,46,46,12400
N5HN,28-Jan-2019,293,293,293,293,77100
N5HO,28-Jan-2019,210,210,210,210,97600
N5HP,28-Jan-2019,80,80,80,80,36300
N5HU,28-Jan-2019,530,530,530,530,162900
N5LA,28-Jan-2019,147,147,147,147,59900
N5LB,28-Jan-2019,59,59,59,59,40000
N5LC,28-Jan-2019,22,22,22,22,10300
N5LD,28-Jan-2019,11,11,11,11,3000
N5LE,28-Jan-2019,16,16,16,16,6500
N5LF,28-Jan-2019,1,1,1,1,2000
N5LG,28-Jan-2019,4,4,4,4,1500
N5LH,28-Jan-2019,38,38,38,38,22900
N5LI,28-Jan-2019,9,9,9,9,5700
N5LJ,28-Jan-2019,61,61,61,61,20900
N5LK,28-Jan-2019,53,53,53,53,28300
N5LL,28-Jan-2019,95,95,95,95,36400
N5LM,28-Jan-2019,30,30,30,30,12400
N5LN,28-Jan-2019,178,178,178,178,77100
N5LO,28-Jan-2019,208,208,208,208,97600
N5LP,28-Jan-2019,75,75,75,75,36300
N5LU,28-Jan-2019,316,316,316,316,162900
N6DA,28-Jan-2019,3,3,3,3,59900
N6DB,28-Jan-2019,3,3,3,3,40000
N6DC,28-Jan-2019,3,3,3,3,10300
N6DD,28-Jan-2019,0.01,0.01,0.01,0.01,3000
N6DE,28-Jan-2019,0.01,0.01,0.01,0.01,6500
N6DF,28-Jan-2019,0.01,0.01,0.01,0.01,2000
N6DG,28-Jan-2019,0.01,0.01,0.01,0.01,1500
N6DH,28-Jan-2019,13,13,13,13,22900
N6DI,28-Jan-2019,0.01,0.01,0.01,0.01,5700
N6DJ,28-Jan-2019,5,5,5,5,20900
N6DK,28-Jan-2019,14,14,14,14,28300
N6DL,28-Jan-2019,14,14,14,14,36400
N6DM,28-Jan-2019,0.01,0.01,0.01,0.01,12400
N6DN,28-Jan-2019,28,28,28,28,77100
N6DO,28-Jan-2019,-2,-2,-2,-2,97600
N6DP,28-Jan-2019,15,15,15,15,36300
N6DU,28-Jan-2019,32,32,32,32,162900
N6HA,28-Jan-2019,8,8,8,8,59900
N6HB,28-Jan-2019,5,5,5,5,40000
N6HC,28-Jan-2019,4,4,4,4,10300
N6HD,28-Jan-2019,0.01,0.01,0.01,0.01,3000
N6HE,28-Jan-2019,0.01,0.01,0.01,0.01,6500
N6HF,28-Jan-2019,0.01,0.01,0.01,0.01,2000
N6HG,28-Jan-2019,0.01,0.01,0.01,0.01,1500
N6HH,28-Jan-2019,15,15,15,15,22900
N6HI,28-Jan-2019,1,1,1,1,5700
N6HJ,28-Jan-2019,8,8,8,8,20900
N6HK,28-Jan-2019,17,17,17,17,28300
N6HL,28-Jan-2019,20,20,20,20,36400
N6HM,28-Jan-2019,1,1,1,1,12400
N6HN,28-Jan-2019,38,38,38,38,77100
N6HO,28-Jan-2019,15,15,15,15,97600
N6HP,28-Jan-2019,15,15,15,15,36300
N6HU,28-Jan-2019,48,48,48,48,162900
N6LA,28-Jan-2019,5,5,5,5,59900
N6LB,28-Jan-2019,2,2,2,2,40000
N6LC,28-Jan-2019,1,1,1,1,10300
N6LD,28-Jan-2019,0.01,0.01,0.01,0.01,3000
N6LE,28-Jan-2019,0.01,0.01,0.01,0.01,6500
N6LF,28-Jan-2019,0.01,0.01,0.01,0.01,2000
N6LG,28-Jan-2019,0.01,0.01,0.01,0.01,1500
N6LH,28-Jan-2019,2,2,2,2,22900
N6LI,28-Jan-2019,1,1,1,1,5700
N6LJ,28-Jan-2019,3,3,3,3,20900
N6LK,28-Jan-2019,3,3,3,3,28300
N6LL,28-Jan-2019,6,6,6,6,36400
N6LM,28-Jan-2019,1,1,1,1,12400
N6LN,28-Jan-2019,10,10,10,10,77100
N6LO,28-Jan-2019,17,17,17,17,97600
N6LP,28-Jan-2019,0.01,0.01,0.01,0.01,36300
N6LU,28-Jan-2019,16,16,16,16,162900
NADA,28-Jan-2019,6,6,6,6,59900
NADB,28-Jan-2019,3,3,3,3,40000
NADC,28-Jan-2019,2,2,2,2,10300
NADD,28-Jan-2019,0.01,0.01,0.01,0.01,3000
NADE,28-Jan-2019,0.01,0.01,0.01,0.01,6500
NADF,28-Jan-2019,0.01,0.01,0.01,0.01,2000
NADG,28-Jan-2019,0.01,0.01,0.01,0.01,1500
NADH,28-Jan-2019,8,8,8,8,22900
NADI,28-Jan-2019,-1,-1,-1,-1,5700
NADJ,28-Jan-2019,5,5,5,5,20900
NADK,28-Jan-2019,10,10,10,10,28300
NADL,28-Jan-2019,9,9,9,9,36400
NADM,28-Jan-2019,0.01,0.01,0.01,0.01,12400
NADN,28-Jan-2019,19,19,19,19,77100
NADO,28-Jan-2019,4,4,4,4,97600
NADP,28-Jan-2019,7,7,7,7,36300
NADU,28-Jan-2019,6,6,6,6,162900
NAHA,28-Jan-2019,8,8,8,8,59900
NAHB,28-Jan-2019,5,5,5,5,40000
NAHC,28-Jan-2019,2,2,2,2,10300
NAHD,28-Jan-2019,0.01,0.01,0.01,0.01,3000
NAHE,28-Jan-2019,0.01,0.01,0.01,0.01,6500
NAHF,28-Jan-2019,0.01,0.01,0.01,0.01,2000
NAHG,28-Jan-2019,0.01,0.01,0.01,0.01,1500
NAHH,28-Jan-2019,10,10,10,10,22900
NAHI,28-Jan-2019,0.01,0.01,0.01,0.01,5700
NAHJ,28-Jan-2019,6,6,6,6,20900
NAHK,28-Jan-2019,12,12,12,12,28300
NAHL,28-Jan-2019,13,13,13,13,36400
NAHM,28-Jan-2019,1,1,1,1,12400
NAHN,28-Jan-2019,26,26,26,26,77100
NAHO,28-Jan-2019,13,13,13,13,97600
NAHP,28-Jan-2019,7,7,7,7,36300
NAHU,28-Jan-2019,18,18,18,18,162900
NALA,28-Jan-2019,2,2,2,2,59900
NALB,28-Jan-2019,2,2,2,2,40000
NALC,28-Jan-2019,0.01,0.01,0.01,0.01,10300
NALD,28-Jan-2019,0.01,0.01,0.01,0.01,3000
NALE,28-Jan-2019,0.01,0.01,0.01,0.01,6500
NALF,28-Jan-2019,0.01,0.01,0.01,0.01,2000
NALG,28-Jan-2019,0.01,0.01,0.01,0.01,1500
NALH,28-Jan-2019,2,2,2,2,22900
NALI,28-Jan-2019,1,1,1,1,5700
NALJ,28-Jan-2019,1,1,1,1,20900
NALK,28-Jan-2019,2,2,2,2,28300
NALL,28-Jan-2019,4,4,4,4,36400
NALM,28-Jan-2019,1,1,1,1,12400
NALN,28-Jan-2019,7,7,7,7,77100
NALO,28-Jan-2019,9,9,9,9,97600
NALP,28-Jan-2019,0.01,0.01,0.01,0.01,36300
NALU,28-Jan-2019,12,12,12,12,162900
NAST,28-Jan-2019,4839.93,4911.88,4837.6,4898.56,0
NBI,28-Jan-2019,3400.92,3409.49,3356.58,3370.7,0
NCFD,28-Jan-2019,58.3,67.88,50.25,61.16,0
NCFI,28-Jan-2019,64.93,67.99,64.01,66.15,0
NCOF,28-Jan-2019,35.47,39.14,35.06,38.83,0
NCOH,28-Jan-2019,27.52,29.66,27.31,28.84,0
NCTH,28-Jan-2019,29.25,31.39,28.84,30.07,0
NCTW,28-Jan-2019,76.75,79,74.61,76.14,0
NDFD,28-Jan-2019,53.39,64.07,48.54,62.13,0
NDFI,28-Jan-2019,69.9,72.81,68.93,72.81,0
NDOF,28-Jan-2019,43.68,46.6,41.74,45.63,0
NDOH,28-Jan-2019,34.95,40.77,34.95,40.77,0
NDTH,28-Jan-2019,40.77,43.68,38.83,42.71,0
NDTW,28-Jan-2019,82.52,84.46,79.61,82.52,0
NDXT,28-Jan-2019,3989.51,4044.32,3978.85,4034.12,0
NDXX,28-Jan-2019,2925.22,2936.31,2913.58,2935.5,0
NDY,28-Jan-2019,6691.84,6697.53,6644.31,6697.09,0
NQGM,28-Jan-2019,2144.49,2155.65,2126.99,2142.15,0
NQGS,28-Jan-2019,3326.06,3331.25,3306.38,3330.93,0
NSHD,28-Jan-2019,349,2228,349,1619,0
NSHF,28-Jan-2019,-304,-280,-1841,-280,0
NSHR,28-Jan-2019,0.12,0.82,0.12,0.82,0
NSHU,28-Jan-2019,45,1339,45,1339,0
NVLD,28-Jan-2019,30.64,1794.12,30.64,1794.03,0
NVLF,28-Jan-2019,-29.83,-29.83,-981.17,-495.55,0
NVLR,28-Jan-2019,0.02,0.74,0.02,0.72,0
NVLU,28-Jan-2019,0.8,1298.47,0.8,1298.47,0
NXTQ,28-Jan-2019,447.3,449.04,445.15,448.57,0
NYA,28-Jan-2019,12040.67,12066.58,11984.86,12065.11,0
NYDA,28-Jan-2019,101,101,101,101,59900
NYDB,28-Jan-2019,77,77,77,77,40000
NYDC,28-Jan-2019,17,17,17,17,10300
NYDD,28-Jan-2019,-3,-3,-3,-3,3000
NYDE,28-Jan-2019,0.01,0.01,0.01,0.01,6500
NYDF,28-Jan-2019,3,3,3,3,2000
NYDG,28-Jan-2019,0.01,0.01,0.01,0.01,1500
NYDH,28-Jan-2019,46,46,46,46,22900
NYDI,28-Jan-2019,10,10,10,10,5700
NYDJ,28-Jan-2019,17,17,17,17,20900
NYDK,28-Jan-2019,49,49,49,49,28300
NYDL,28-Jan-2019,48,48,48,48,36400
NYDM,28-Jan-2019,8,8,8,8,12400
NYDN,28-Jan-2019,105,105,105,105,77100
NYDO,28-Jan-2019,123,123,123,123,97600
NYDP,28-Jan-2019,62,62,62,62,36300
NYDU,28-Jan-2019,267,267,267,267,162900
NYHA,28-Jan-2019,118,118,118,118,59900
NYHB,28-Jan-2019,81,81,81,81,40000
NYHC,28-Jan-2019,18,18,18,18,10300
NYHD,28-Jan-2019,0.01,0.01,0.01,0.01,3000
NYHE,28-Jan-2019,3,3,3,3,6500
NYHF,28-Jan-2019,3,3,3,3,2000
NYHG,28-Jan-2019,0.01,0.01,0.01,0.01,1500
NYHH,28-Jan-2019,53,53,53,53,22900
NYHI,28-Jan-2019,12,12,12,12,5700
NYHJ,28-Jan-2019,36,36,36,36,20900
NYHK,28-Jan-2019,59,59,59,59,28300
NYHL,28-Jan-2019,77,77,77,77,36400
NYHM,28-Jan-2019,19,19,19,19,12400
NYHN,28-Jan-2019,155,155,155,155,77100
NYHO,28-Jan-2019,159,159,159,159,97600
NYHP,28-Jan-2019,64,64,64,64,36300
NYHU,28-Jan-2019,367,367,367,367,162900
NYLA,28-Jan-2019,17,17,17,17,59900
NYLB,28-Jan-2019,4,4,4,4,40000
NYLC,28-Jan-2019,1,1,1,1,10300
NYLD,28-Jan-2019,3,3,3,3,3000
NYLE,28-Jan-2019,3,3,3,3,6500
NYLF,28-Jan-2019,0.01,0.01,0.01,0.01,2000
NYLG,28-Jan-2019,0.01,0.01,0.01,0.01,1500
NYLH,28-Jan-2019,7,7,7,7,22900
NYLI,28-Jan-2019,2,2,2,2,5700
NYLJ,28-Jan-2019,19,19,19,19,20900
NYLK,28-Jan-2019,10,10,10,10,28300
NYLL,28-Jan-2019,29,29,29,29,36400
NYLM,28-Jan-2019,11,11,11,11,12400
NYLN,28-Jan-2019,50,50,50,50,77100
NYLO,28-Jan-2019,36,36,36,36,97600
NYLP,28-Jan-2019,2,2,2,2,36300
NYLU,28-Jan-2019,100,100,100,100,162900
OEX,28-Jan-2019,1167.22,1167.22,1155.43,1164.44,1057652000
OFIN,28-Jan-2019,7738.53,7798.61,7728.98,7792.34,0
OILBR,28-Jan-2019,61.64,61.64,59.9,59.9,0
OILSW,28-Jan-2019,53.56,53.56,51.95,51.95,930676
OIV,28-Jan-2019,37.88,38.66,37.48,37.88,0
ONE,28-Jan-2019,1167.22,1167.22,1155.43,1164.44,0
OSX,28-Jan-2019,96.52,96.53,94.31,95.37,0
OVX,28-Jan-2019,35.21,38.55,35.21,37.61,0
PLD,28-Jan-2019,1319.9,1329,1287.7,1289.3,5557
PLT,28-Jan-2019,820.4,822.2,810.9,814.5,19211
QSHD,28-Jan-2019,17,2154,17,1977,0
QSHF,28-Jan-2019,-15,-15,-1578,-881,0
QSHR,28-Jan-2019,0.11,0.58,0.11,0.55,0
QSHU,28-Jan-2019,2,1132,2,1096,0
QVLD,28-Jan-2019,1.33,1218.03,1.33,1218.03,0
QVLF,28-Jan-2019,-1.33,-1.33,-334.43,-318.3,0
QVLR,28-Jan-2019,0.1,0.86,0.1,0.73,0
QVLU,28-Jan-2019,0.17,899.72,0.17,899.72,0
R1FD,28-Jan-2019,57.49,70.84,52.8,69.82,0
R1FI,28-Jan-2019,70.54,74.41,68.8,74.41,0
R1OF,28-Jan-2019,37.1,41.28,37.1,40.97,0
R1OH,28-Jan-2019,30.58,34.04,30.58,34.04,0
R1TH,28-Jan-2019,32.92,35.98,32.92,35.57,0
R1TW,28-Jan-2019,86.85,88.17,84.81,87.86,0
R2FD,28-Jan-2019,57.47,64.35,46.48,55.54,0
R2FI,28-Jan-2019,57.02,59.15,54.7,56.38,0
R2OF,28-Jan-2019,28.66,31.08,27.97,30.19,0
R2OH,28-Jan-2019,22.87,24.35,22.62,23.31,0
R2TH,28-Jan-2019,26.13,27.72,25.64,26.88,0
R2TW,28-Jan-2019,70.74,72.17,66.23,67.97,0
R3FD,28-Jan-2019,57.45,66.49,48.54,60.23,0
R3FI,28-Jan-2019,61.54,64.05,59.49,62.47,0
R3OF,28-Jan-2019,31.15,33.93,30.95,33.46,0
R3OH,28-Jan-2019,25.09,26.96,25.09,26.53,0
R3TH,28-Jan-2019,28.04,29.88,27.93,29.41,0
R3TW,28-Jan-2019,76.18,77.52,72.42,74.67,0
RTCM,28-Jan-2019,200.36,201.05,199.99,200.67,7718300
RTRE,28-Jan-2019,176.03,177.69,175.96,177.36,6182800
RVX,28-Jan-2019,22.55,23.43,22.12,22.13,0
S1FD,28-Jan-2019,38.23,49.01,30.39,49.01,0
S1FI,28-Jan-2019,61.76,62.74,56.86,61.76,0
S1OF,28-Jan-2019,29.41,29.41,26.47,28.43,0
S1OH,28-Jan-2019,30.39,32.35,28.43,31.37,0
S1TH,28-Jan-2019,37.25,38.23,33.33,38.23,0
S1TR,28-Jan-2019,214.63,214.63,210.65,212.67,0
S1TW,28-Jan-2019,79.41,79.41,67.64,77.45,0
S2TR,28-Jan-2019,609.9,611,604.91,609.94,0
S3TR,28-Jan-2019,1031.58,1031.58,1008.37,1018.05,0
S4FD,28-Jan-2019,58.75,75.25,54.5,73.5,0
S4FI,28-Jan-2019,68.25,74.25,66.75,72.5,0
S4OF,28-Jan-2019,32.75,39.75,32.75,38.25,0
S4OH,28-Jan-2019,25.25,29,25.25,28.25,0
S4TH,28-Jan-2019,28.5,31.75,28.5,30.5,0
S4TR,28-Jan-2019,421.87,421.87,416.35,418.94,0
S4TW,28-Jan-2019,87.5,90.5,86,89,0
S5FD,28-Jan-2019,53.17,64.28,46.23,64.28,0
S5FI,28-Jan-2019,66.07,69.64,63.88,69.64,0
S5OF,28-Jan-2019,33.92,36.5,33.53,36.3,0
S5OH,28-Jan-2019,30.35,33.53,29.76,33.53,0
S5TH,28-Jan-2019,32.73,35.31,32.14,35.31,0
S5TR,28-Jan-2019,483.97,484.92,478.97,483.29,0
S5TW,28-Jan-2019,85.51,85.91,82.34,85.91,0
S6CD,28-Jan-2019,551.51,555.57,548.78,552.85,0
S6CS,28-Jan-2019,1823.25,1823.25,1799.19,1818.61,0
S6EP,28-Jan-2019,375,375,360.74,363.78,0
S6FD,28-Jan-2019,56.59,66.94,47.07,60.26,0
S6FI,28-Jan-2019,62.93,66.44,60.76,63.6,0
S6FP,28-Jan-2019,951.74,956.14,945.34,955.6,0
S6HC,28-Jan-2019,2788.67,2790.53,2751.72,2758.91,0
S6IP,28-Jan-2019,1002.15,1002.15,984.96,992.94,0
S6MP,28-Jan-2019,458.77,461.66,455.84,460.02,0
S6OF,28-Jan-2019,32.38,36.06,31.71,34.39,0
S6OH,28-Jan-2019,23.7,25.7,23.7,24.37,0
S6TH,28-Jan-2019,25.87,28.04,24.87,26.71,0
S6TP,28-Jan-2019,668.2,668.2,658.87,663.25,0
S6TR,28-Jan-2019,1574.14,1574.23,1559.82,1573.99,0
S6TW,28-Jan-2019,78.96,81.8,74.45,78.29,0
S6UP,28-Jan-2019,657.64,657.64,648.07,652.1,0
S7TR,28-Jan-2019,958.84,958.84,947.06,953.75,0
S8TR,28-Jan-2019,830.08,830.08,812.7,821.52,0
S9TR,28-Jan-2019,589.55,591.05,584.4,591.05,0
SAAB,28-Jan-2019,2020.91,2022.01,2001.94,2006.06,0
SACC,28-Jan-2019,3155.96,3176.55,3133.36,3150.58,0
SACN,28-Jan-2019,206.66,207.66,202.97,205.02,0
SAER,28-Jan-2019,71.19,71.47,70.76,71.07,0
SAIE,28-Jan-2019,196.9,197.56,195.91,196.46,0
SAIU,28-Jan-2019,173.02,173.26,171.94,172.67,0
SAJR,28-Jan-2019,137.09,138.29,136.51,137.21,0
SAJT,28-Jan-2019,103.87,104.78,103.43,103.96,0
SANA,28-Jan-2019,4261.89,4295.43,4244.43,4295.29,0
SANC,28-Jan-2019,4120.48,4147.38,4104.03,4146.83,0
SAPE,28-Jan-2019,4197.47,4205.81,4166.89,4185.77,0
SAPT,28-Jan-2019,97.71,97.94,96.6,96.76,0
SAPU,28-Jan-2019,3569.94,3579.25,3547.21,3556.75,0
SAQA,28-Jan-2019,3716.25,3720.65,3680.7,3691.52,0
SAQE,28-Jan-2019,2880.06,2885.83,2848.87,2859.51,0
SAUE,28-Jan-2019,144.73,145.29,143.86,144.49,0
SBAI,28-Jan-2019,116.29,116.29,112.67,113.33,0
SBER,28-Jan-2019,46.5,47.21,46.46,47.02,0
SBES,28-Jan-2019,1302.89,1313.61,1302.47,1303.53,0
SBFD,28-Jan-2019,56,88,56,84,0
SBFI,28-Jan-2019,56,68,52,64,0
SBIX,28-Jan-2019,313.3,315.77,312.62,315.22,0
SBNP,28-Jan-2019,2238.68,2238.68,2201.67,2215.49,0
SBOF,28-Jan-2019,32,36,28,28,0
SBOH,28-Jan-2019,24,28,16,24,0
SBSE,28-Jan-2019,1952.68,1963.04,1931.11,1945.67,0
SBSU,28-Jan-2019,1674.4,1682.53,1657.8,1670.52,0
SBTH,28-Jan-2019,20,20,20,20,0
SBTR,28-Jan-2019,50.35,51.12,50.31,50.91,0
SBTW,28-Jan-2019,76,92,76,88,0
SBUP,28-Jan-2019,4780.71,4799.76,4745.73,4798.56,0
SCBR,28-Jan-2019,46.77,46.89,45.98,46.14,0
SCII,28-Jan-2019,76.31,76.54,75.46,75.87,0
SCIR,28-Jan-2019,211,211,206.94,207.21,0
SCIS,28-Jan-2019,201.17,201.17,197.3,197.56,0
SCIT,28-Jan-2019,372.95,372.95,365.7,366.25,0
SCPC,28-Jan-2019,2102.13,2122.23,2102.13,2112.24,0
SCRC,28-Jan-2019,3903.07,3947.85,3889.3,3903.95,0
SCRE,28-Jan-2019,5454.53,5496.65,5413.63,5459,0
SCSC,28-Jan-2019,2802.27,2840.5,2794.18,2801.67,0
SCSE,28-Jan-2019,2892.26,2933.23,2882.39,2890.93,0
SCUT,28-Jan-2019,1424.14,1438.12,1424.14,1430.58,0
SCWI,28-Jan-2019,207.69,210.33,204.99,205.77,0
SCWP,28-Jan-2019,312.38,312.82,311.46,312.53,0
SCYE,28-Jan-2019,114.2,114.36,114.19,114.36,0
SCYI,28-Jan-2019,134.96,135.15,134.94,135.14,0
SDDE,28-Jan-2019,520.01,520.01,513.71,517.66,0
SDEW,28-Jan-2019,1446.34,1446.34,1431.99,1444.39,0
SDIP,28-Jan-2019,122.68,124.29,122.5,123.97,0
SDIS,28-Jan-2019,134.45,136.22,134.25,135.86,0
SDIT,28-Jan-2019,148.99,150.94,148.77,150.54,0
SDPI,28-Jan-2019,1464.9,1465.34,1450,1453.3,0
SDTI,28-Jan-2019,1752.67,1753.19,1734.85,1738.8,0
SDTR,28-Jan-2019,1197.83,1205.2,1190.33,1205.05,0
SDTS,28-Jan-2019,1059.19,1062.78,1059.13,1061.54,0
SDTT,28-Jan-2019,1257.21,1266.34,1257.21,1264.86,0
SEAN,28-Jan-2019,831.66,837.55,829.92,833.57,0
SEBI,28-Jan-2019,2168.33,2176.78,2146.39,2148.16,0
SECA,28-Jan-2019,233.19,233.21,228.18,229.21,0
SECB,28-Jan-2019,226.91,226.95,222.05,223.04,0
SECC,28-Jan-2019,401.05,401.1,392.44,394.2,0
SEFD,28-Jan-2019,53.33,56.66,13.33,50,0
SEFI,28-Jan-2019,60,66.66,56.66,66.66,0
SEIB,28-Jan-2019,2580.9,2592.97,2550.48,2554.79,0
SEIE,28-Jan-2019,218.2,218.65,215.5,216.64,0
SEIT,28-Jan-2019,164.02,165.93,163.68,165.81,0
SEIU,28-Jan-2019,211.68,211.88,209.39,210.29,0
SEMT,28-Jan-2019,1416.58,1424.04,1400.14,1405.17,0
SEOF,28-Jan-2019,10,10,10,10,0
SEOH,28-Jan-2019,6.66,6.66,6.66,6.66,0
SETH,28-Jan-2019,6.66,6.66,6.66,6.66,0
SETW,28-Jan-2019,90,90,73.33,86.66,0
SFFD,28-Jan-2019,57.35,69.11,41.17,66.17,0
SFFI,28-Jan-2019,83.82,88.23,79.41,86.76,0
SFOF,28-Jan-2019,30.88,36.76,30.88,36.76,0
SFOH,28-Jan-2019,23.52,26.47,17.64,26.47,0
SFTH,28-Jan-2019,19.11,20.58,17.64,19.11,0
SFTR,28-Jan-2019,1441.76,1441.76,1417.13,1424.38,0
SFTW,28-Jan-2019,97.05,97.05,95.58,97.05,0
SG0A,28-Jan-2019,266.55,267.03,265.49,266.76,0
SG0B,28-Jan-2019,67.22,67.34,66.95,67.27,0
SG0C,28-Jan-2019,718.77,720.05,715.89,719.32,0
SG0D,28-Jan-2019,33.56,33.64,33.36,33.53,0
SG0E,28-Jan-2019,358.84,359.76,356.81,358.59,0
SG0F,28-Jan-2019,426.34,428.75,424.91,428.19,0
SG0G,28-Jan-2019,383.29,385.46,382.01,384.96,0
SG0H,28-Jan-2019,4098.91,4122.1,4085.05,4116.78,0
SG0I,28-Jan-2019,317.72,317.72,304.96,308.04,0
SG1A,28-Jan-2019,693.21,695.89,668.42,675.12,0
SG1B,28-Jan-2019,342.61,344.98,339.86,341.49,0
SG1C,28-Jan-2019,8.27,8.33,8.21,8.25,0
SG1D,28-Jan-2019,88.57,89.18,87.86,88.28,0
SG1E,28-Jan-2019,122.31,122.31,118.72,118.8,0
SG1F,28-Jan-2019,26.18,26.18,25.41,25.43,0
SG1G,28-Jan-2019,54.65,54.65,53.04,53.08,0
SG1H,28-Jan-2019,147.13,148.55,146.49,148.45,0
SG1I,28-Jan-2019,65.27,65.9,64.99,65.86,0
SG1J,28-Jan-2019,250.2,250.2,240.15,242.57,0
SG2A,28-Jan-2019,524.17,524.51,505.61,509.02,0
SG2B,28-Jan-2019,353.2,353.43,340.7,343,0
SG2C,28-Jan-2019,507.82,508.15,489.85,493.15,0
SG2D,28-Jan-2019,87.39,90.45,87.35,88.37,0
SG2E,28-Jan-2019,7.61,7.88,7.61,7.7,0
SG2F,28-Jan-2019,26.85,27.79,26.84,27.15,0
SG2G,28-Jan-2019,82.24,82.24,78.24,79.05,0
SG2H,28-Jan-2019,7.89,7.89,7.5,7.58,0
SG2I,28-Jan-2019,39.23,39.23,37.32,37.7,0
SG2J,28-Jan-2019,78.16,78.91,77.82,78.86,0
SG3A,28-Jan-2019,524.62,525.75,517.73,519.77,0
SG3B,28-Jan-2019,3701.99,3709.95,3653.38,3667.75,0
SG3C,28-Jan-2019,313.93,314.55,312.07,313.51,0
SG3D,28-Jan-2019,6.55,6.57,6.52,6.55,0
SG3E,28-Jan-2019,70.18,70.32,69.76,70.09,0
SG3F,28-Jan-2019,105.47,105.47,104.08,105.07,0
SG3G,28-Jan-2019,43.68,43.68,43.1,43.51,0
SG3H,28-Jan-2019,308.18,308.18,304.1,307.01,0
SG3I,28-Jan-2019,294.25,294.25,281.32,284.93,0
SG3J,28-Jan-2019,429.04,429.96,423.4,425.07,0
SG4A,28-Jan-2019,449.85,452.72,433.55,439.04,0
SG4B,28-Jan-2019,302.61,302.61,292.67,294.31,0
SG4C,28-Jan-2019,87.81,87.81,84.92,85.4,0
SG4D,28-Jan-2019,154.54,154.9,150.35,151.19,0
SG4E,28-Jan-2019,114.14,114.14,109.7,110.49,0
SG4F,28-Jan-2019,436.11,437.57,422.31,425.32,0
SG4G,28-Jan-2019,169.66,170.93,168.99,170.52,0
SG4H,28-Jan-2019,116.31,117.18,115.85,116.9,0
SG4I,28-Jan-2019,145.07,146.11,144.42,145.8,0
SG4J,28-Jan-2019,162.9,162.9,155.74,157.75,0
SG5A,28-Jan-2019,350.53,351.46,341.13,342.67,0
SG5B,28-Jan-2019,503.98,505.31,490.46,492.68,0
SG5C,28-Jan-2019,759.31,762.57,758.61,762.28,0
SG5D,28-Jan-2019,102.53,102.97,102.44,102.93,0
SG5E,28-Jan-2019,686.44,688.65,685.02,688.39,0
SG5F,28-Jan-2019,339.58,340.56,336.95,338.82,0
SG5G,28-Jan-2019,21.32,21.38,21.16,21.27,0
SG5H,28-Jan-2019,228.06,228.72,226.3,227.55,0
SG5I,28-Jan-2019,229.13,229.13,222.06,222.8,0
SG5J,28-Jan-2019,527.6,529,513.45,515.77,0
SG6A,28-Jan-2019,789.09,789.09,764.71,767.3,0
SG6B,28-Jan-2019,175.43,175.62,172.42,172.72,0
SG6C,28-Jan-2019,1238.02,1239.37,1216.78,1218.9,0
SG6D,28-Jan-2019,156.4,157.55,154.87,155.56,0
SG6E,28-Jan-2019,15.97,16.08,15.81,15.88,0
SG6F,28-Jan-2019,22.96,23.13,22.74,22.84,0
SG6G,28-Jan-2019,317.21,320.13,311.66,311.66,0
SG6H,28-Jan-2019,194.12,195.91,190.73,190.73,0
SG6I,28-Jan-2019,343.69,346.86,337.68,337.68,0
SG6J,28-Jan-2019,205,205,198.68,199.34,0
SG7A,28-Jan-2019,16.4,16.56,16.21,16.45,0
SG7B,28-Jan-2019,121.78,123,120.4,122.17,0
SG7C,28-Jan-2019,369.21,369.21,364.02,365.09,0
SG7D,28-Jan-2019,185.64,185.76,183.39,183.94,0
SG7E,28-Jan-2019,1984.56,1985.83,1960.55,1966.28,0
SG7F,28-Jan-2019,432.93,435.32,431.48,434.72,0
SG7G,28-Jan-2019,361.68,363.68,360.47,363.18,0
SG7H,28-Jan-2019,3867.84,3889.19,3854.89,3883.85,0
SG7I,28-Jan-2019,177.91,179.07,177.04,178.63,0
SG7J,28-Jan-2019,91.1,92.02,90.07,91.39,0
SG8A,28-Jan-2019,133.72,136.81,133.62,134.51,0
SG8B,28-Jan-2019,10.9,11.15,10.89,10.96,0
SG8C,28-Jan-2019,20.17,20.64,20.16,20.29,0
SG8D,28-Jan-2019,191.68,192.48,189.38,189.38,0
SG8E,28-Jan-2019,156.54,157.19,154.66,154.66,0
SG8F,28-Jan-2019,298.59,299.84,295.01,295.01,0
SG8G,28-Jan-2019,159.01,159.14,158.11,158.46,0
SG8H,28-Jan-2019,328.97,329.25,327.12,327.84,0
SG8I,28-Jan-2019,1699.89,1701.34,1690.32,1694.07,0
SG8J,28-Jan-2019,1902.01,1914.36,1892.72,1909.74,0
SG9A,28-Jan-2019,53.8,53.9,52.57,52.84,0
SG9B,28-Jan-2019,90.06,90.24,88,88.45,0
SG9C,28-Jan-2019,414.23,414.23,404.23,406.41,0
SG9D,28-Jan-2019,348.63,349.21,340.88,342.72,0
SG9E,28-Jan-2019,3695.87,3701.97,3613.68,3633.2,0
SG9F,28-Jan-2019,172.38,172.38,167.8,168.64,0
SG9G,28-Jan-2019,74.4,74.54,72.77,73.13,0
SG9H,28-Jan-2019,635.14,636.31,621.17,624.27,0
SG9I,28-Jan-2019,201.51,201.51,193.62,195.32,0
SG9J,28-Jan-2019,199.6,199.6,194.09,195.09,0
SGAA,28-Jan-2019,1583.31,1585.42,1572.2,1582.01,0
SGAB,28-Jan-2019,1654.65,1658.31,1641.37,1651.58,0
SGAC,28-Jan-2019,4337.3,4344.18,4287.03,4326.72,0
SGAD,28-Jan-2019,4530.68,4543.28,4480.74,4517,0
SGCC,28-Jan-2019,236.88,236.88,230.9,232.01,0
SGCR,28-Jan-2019,131.22,131.42,129.99,130.17,0
SGDO,28-Jan-2019,144.63,144.73,144.02,144.46,0
SGIA,28-Jan-2019,184.15,184.15,180.83,182.56,0
SGIB,28-Jan-2019,758.36,758.36,742.49,748.37,0
SGID,28-Jan-2019,788.52,788.52,774.75,780.97,0
SGIF,28-Jan-2019,214.77,214.77,211.64,213.69,0
SGIR,28-Jan-2019,121.64,121.8,120.28,120.46,0
SGJ,28-Jan-2019,190.39,190.39,182.99,184.29,0
SGK,28-Jan-2019,291.21,291.96,289.56,291.01,0
SGLN,28-Jan-2019,259.21,259.47,256.77,259.11,0
SGLS,28-Jan-2019,226.27,226.5,224.13,226.18,0
SGMA,28-Jan-2019,188.52,188.72,186.37,186.64,0
SGME,28-Jan-2019,1498.72,1499.24,1474.62,1475.01,0
SGMU,28-Jan-2019,1162.1,1162.1,1146.58,1146.58,0
SGON,28-Jan-2019,405.23,405.5,403.51,404.76,0
SGP,28-Jan-2019,1695.6,1703.49,1693.26,1702.28,0
SGPA,28-Jan-2019,211.69,212.02,209.7,209.99,0
SGPG,28-Jan-2019,139.84,140.28,139.19,139.87,0
SGPP,28-Jan-2019,64.13,64.25,62.8,63.1,0
SGPR,28-Jan-2019,46.71,46.85,46.49,46.72,0
SGPT,28-Jan-2019,113.63,113.84,111.26,111.79,0
SGQA,28-Jan-2019,940.91,943.92,907.49,915.45,0
SGQB,28-Jan-2019,205.5,205.5,197.7,199.35,0
SGQC,28-Jan-2019,262.48,263.31,253.38,255.5,0
SGQD,28-Jan-2019,1010.33,1013.5,975.31,983.46,0
SGQE,28-Jan-2019,168.07,168.69,167.67,168.57,0
SGQF,28-Jan-2019,1543.95,1549.63,1540.22,1548.53,0
SGQG,28-Jan-2019,390.41,390.41,382.85,384.31,0
SGQH,28-Jan-2019,203.27,203.51,199.96,200.73,0
SGQI,28-Jan-2019,2172.96,2175.53,2137.57,2145.75,0
SGQJ,28-Jan-2019,244.45,245.23,235.76,237.83,0
SGRC,28-Jan-2019,114.96,115.2,113.63,113.82,0
SGRE,28-Jan-2019,89.45,89.64,88.42,88.57,0
SGRG,28-Jan-2019,26.42,26.51,26.3,26.43,0
SGRM,28-Jan-2019,145.41,146.32,144.97,146.28,0
SGRT,28-Jan-2019,77.76,78.07,77.3,77.64,0
SGSA,28-Jan-2019,766.55,772.94,762.2,769.77,0
SGSB,28-Jan-2019,57.77,58.25,57.44,58.01,0
SGSC,28-Jan-2019,530.89,535.32,527.88,533.12,0
SGSD,28-Jan-2019,367.34,367.34,363.57,366.55,0
SGSE,28-Jan-2019,225.6,225.6,219.91,220.97,0
SGSF,28-Jan-2019,352.95,352.95,349.33,352.19,0
SGSG,28-Jan-2019,3775.88,3775.88,3737.11,3767.72,0
SGSH,28-Jan-2019,130.94,136.1,130.94,134.63,0
SGSJ,28-Jan-2019,9.16,9.53,9.16,9.42,0
SGSK,28-Jan-2019,84.27,87.59,84.27,86.64,0
SGSM,28-Jan-2019,173.76,173.82,172.17,172.58,0
SGSN,28-Jan-2019,1857.54,1858.22,1840.61,1844.97,0
SGSO,28-Jan-2019,298.35,298.62,284.88,287.11,0
SGSP,28-Jan-2019,789.2,789.93,753.58,759.48,0
SGSQ,28-Jan-2019,2069.4,2071.32,1976.16,1991.48,0
SGSR,28-Jan-2019,352.84,355.21,350.12,351.99,0
SGSS,28-Jan-2019,6.92,6.96,6.86,6.9,0
SGST,28-Jan-2019,74.04,74.54,73.47,73.86,0
SGSU,28-Jan-2019,211.88,214.4,211.25,212.51,0
SGSV,28-Jan-2019,64.22,64.98,64.03,64.41,0
SGSW,28-Jan-2019,134.05,135.65,133.65,134.45,0
SGSX,28-Jan-2019,351.46,351.46,347.88,348.7,0
SGT,28-Jan-2019,2400.96,2405.36,2350.87,2362.11,0
SGTR,28-Jan-2019,231.99,232.31,229.77,230.08,0
SGV,28-Jan-2019,275.4,277.19,274.06,276.52,0
SGWN,28-Jan-2019,2441.54,2444.71,2415.53,2440.37,0
SGWP,28-Jan-2019,2102.04,2104.71,2079.57,2101.07,0
SGWT,28-Jan-2019,152.51,152.54,150.6,150.97,0
SGX,28-Jan-2019,409.69,409.69,399.36,401.27,0
SGY,28-Jan-2019,332.77,333.13,327.07,327.63,0
SHTR,28-Jan-2019,1403.26,1403.26,1380.94,1388.49,0
SIDO,28-Jan-2019,2028.32,2030.52,2019.6,2024.28,0
SIFD,28-Jan-2019,39.13,65.21,39.13,63.76,0
SIFI,28-Jan-2019,68.11,72.46,62.31,68.11,0
SIII,28-Jan-2019,1504.29,1505.47,1477.78,1483.36,0
SIIP,28-Jan-2019,93.07,93.19,93.04,93.1,0
SIIS,28-Jan-2019,101.06,101.19,101.03,101.09,0
SIIT,28-Jan-2019,113.03,113.17,112.99,113.06,0
SIOF,28-Jan-2019,14.49,20.28,14.49,17.39,0
SIOH,28-Jan-2019,15.94,21.73,15.94,21.73,0
SIPR,28-Jan-2019,1148.8,1154.85,1135.47,1139.55,0
SIRI,28-Jan-2019,166.5,166.73,166.45,166.71,0
SIRP,28-Jan-2019,128.52,128.63,128.1,128.53,0
SITH,28-Jan-2019,20.28,24.63,20.28,24.63,0
SITR,28-Jan-2019,549.1,549.1,541.77,547.07,0
SITW,28-Jan-2019,91.3,94.2,89.85,91.3,0
SIUT,28-Jan-2019,22.66,23.35,22.66,23.02,0
SJPA,28-Jan-2019,1429.57,1430.74,1421.39,1422.33,0
SJPB,28-Jan-2019,1670.2,1673.53,1663.5,1664.74,0
SJPC,28-Jan-2019,2732.49,2734.36,2714.31,2715.5,0
SJPD,28-Jan-2019,1282.95,1283.85,1275.4,1276.34,0
SJRI,28-Jan-2019,2680.79,2680.79,2659.25,2661.17,0
SJTR,28-Jan-2019,1241.84,1241.84,1188.45,1210.83,0
SKFD,28-Jan-2019,66.17,79.41,58.82,79.41,0
SKFI,28-Jan-2019,76.47,80.88,73.52,80.88,0
SKOF,28-Jan-2019,33.82,41.17,33.82,38.23,0
SKOH,28-Jan-2019,25,33.82,25,32.35,0
SKTH,28-Jan-2019,30.88,33.82,29.41,32.35,0
SKTR,28-Jan-2019,565.7,565.7,559.99,565.25,0
SKTW,28-Jan-2019,91.17,91.17,88.23,89.7,0
SLAC,28-Jan-2019,6028.55,6028.55,5856.7,5895.78,0
SLCN,28-Jan-2019,239.82,239.82,236.07,237.88,0
SLCT,28-Jan-2019,323.6,323.6,318.54,320.99,0
SLCU,28-Jan-2019,295.78,295.78,291.16,293.4,0
SLEE,28-Jan-2019,113.22,113.22,111.33,111.75,0
SLER,28-Jan-2019,57.11,57.17,56.26,56.47,0
SLEW,28-Jan-2019,1086.61,1086.61,1071.86,1079.21,0
SLFD,28-Jan-2019,57.69,65.38,53.84,61.53,0
SLFI,28-Jan-2019,50,61.53,46.15,61.53,0
SLOF,28-Jan-2019,23.07,26.92,23.07,23.07,0
SLOH,28-Jan-2019,19.23,23.07,15.38,23.07,0
SLPE,28-Jan-2019,1006.51,1008.03,997.71,1000.72,0
SLPX,28-Jan-2019,251.39,252.55,249.36,252.55,0
SLRT,28-Jan-2019,62.5,62.5,61.47,61.7,0
SLTH,28-Jan-2019,26.92,38.46,23.07,38.46,0
SLTW,28-Jan-2019,76.92,76.92,69.23,76.92,0
SLUN,28-Jan-2019,6699.15,6699.15,6495.04,6593.97,0
SLUT,28-Jan-2019,8996.35,9034.98,8884.29,8960.92,0
SLV,28-Jan-2019,15.76,15.83,15.61,15.77,80953
SML,28-Jan-2019,916.06,920.18,910.69,917.07,305288700
SMPR,28-Jan-2019,1184.64,1190.07,1169.01,1172.85,0
SMRW,28-Jan-2019,6444.44,6444.44,6364.47,6419.51,0
SMSS,28-Jan-2019,7263.19,7263.19,7184.47,7248.96,0
SMTI,28-Jan-2019,1449.86,1457.9,1432.1,1436.81,0
SMTR,28-Jan-2019,215.08,215.3,212.62,212.92,0
SNAC,28-Jan-2019,281.71,283.86,280.35,281.37,0
SNCH,28-Jan-2019,145.02,145.65,144.33,144.62,0
SNCT,28-Jan-2019,185.23,186.04,184.35,184.72,0
SNER,28-Jan-2019,70.32,70.47,69.78,69.95,0
SNNE,28-Jan-2019,3273.29,3277.52,3249.02,3261.03,0
SNNT,28-Jan-2019,4218.55,4225.2,4198.38,4210.11,0
SNRE,28-Jan-2019,2134.17,2138.51,2095.42,2105.96,0
SNRT,28-Jan-2019,76.81,76.99,76.24,76.42,0
SNRU,28-Jan-2019,2423.34,2424.96,2380.03,2391.33,0
SNTE,28-Jan-2019,198.12,199.01,196.94,197.37,0
SNUI,28-Jan-2019,121.37,121.63,120.44,120.73,0
SOBC,28-Jan-2019,33.31,33.82,31.84,32.06,0
SOCC,28-Jan-2019,37.94,38.53,36.29,36.6,0
SP500,28-Jan-2019,2644.97,2644.97,2624.06,2643.85,2314399000
SPAA,28-Jan-2019,76.75,76.85,76.27,76.54,0
SPAB,28-Jan-2019,106.57,106.72,105.77,106.08,0
SPAC,28-Jan-2019,61.37,61.38,60.91,61.13,0
SPAD,28-Jan-2019,841.7,846.81,821.74,822.25,0
SPEE,28-Jan-2019,137.77,138.15,136.64,137.3,0
SPER,28-Jan-2019,890.36,895.48,868.91,869.52,0
SPEY,28-Jan-2019,131.93,132.08,131.01,131.52,0
SPFD,28-Jan-2019,21.21,48.48,9.09,42.42,0
SPFI,28-Jan-2019,24.24,30.3,18.18,30.3,0
SPIN,28-Jan-2019,217.51,218.55,215.55,216.5,0
SPIR,28-Jan-2019,173.9,174.68,172.28,173.05,0
SPLR,28-Jan-2019,613.03,615.8,607.34,610.04,0
SPOF,28-Jan-2019,24.24,24.24,21.21,24.24,0
SPOH,28-Jan-2019,27.27,27.27,24.24,27.27,0
SPPR,28-Jan-2019,858.82,859.87,851.05,853.02,0
SPRL,28-Jan-2019,124.09,124.18,122.63,122.9,0
SPRT,28-Jan-2019,1573.49,1582.55,1535.59,1536.66,0
SPTH,28-Jan-2019,30.3,36.36,27.27,36.36,0
SPTW,28-Jan-2019,48.48,60.6,42.42,60.6,0
SPUS,28-Jan-2019,204.17,204.57,203.68,204.45,0
SPX,28-Jan-2019,2644.97,2644.97,2624.06,2643.85,0
SPXT,28-Jan-2019,5264.13,5264.13,5222.73,5261.88,0
SQTR,28-Jan-2019,2026.24,2026.24,1987.77,1999.43,0
SRER,28-Jan-2019,133.13,133.32,133.09,133.3,0
SRFF,28-Jan-2019,105,105.01,105,105.01,0
SRFI,28-Jan-2019,431.63,431.63,427.05,430.48,0
SRIC,28-Jan-2019,4032.51,4046.44,3971.89,3988.97,0
SRIE,28-Jan-2019,4388.47,4414.34,4325.21,4343.77,0
SRMP,28-Jan-2019,1802.69,1823.26,1794.23,1822.48,0
SRPR,28-Jan-2019,180.88,182.5,180.55,182.37,0
SRTR,28-Jan-2019,416.49,420.66,414.12,420.47,0
SRWI,28-Jan-2019,7466.88,7466.88,7364.03,7424.51,0
SS1E,28-Jan-2019,2615.31,2615.31,2587.62,2609.3,0
SS1J,28-Jan-2019,1796.54,1796.54,1755.1,1774.18,0
SS2E,28-Jan-2019,3463.81,3463.81,3429.35,3458.98,0
SS2J,28-Jan-2019,3502.4,3502.4,3448.9,3479.54,0
SS3E,28-Jan-2019,11805.46,11805.46,11616.98,11678.9,0
SS3J,28-Jan-2019,4209.86,4235.07,4185.31,4234.95,0
SS4E,28-Jan-2019,9360.73,9360.73,9175.03,9272.99,0
SS4J,28-Jan-2019,3571.42,3571.42,3533.66,3565.67,0
SS5E,28-Jan-2019,1409.53,1413.78,1396.68,1403.68,0
SS5J,28-Jan-2019,964.65,964.65,951.59,960.73,0
SSAE,28-Jan-2019,474.87,478.14,474.38,475.76,0
SSAI,28-Jan-2019,747.49,752.61,746.79,748.88,0
SSAU,28-Jan-2019,531.4,532.09,527.24,529.56,0
SSAX,28-Jan-2019,4549.64,4590.52,4544.52,4560.86,0
SSBE,28-Jan-2019,2984.82,2996.74,2936.44,2948.98,0
SSBR,28-Jan-2019,2738.67,2748.13,2697.45,2709.1,0
SSCA,28-Jan-2019,280.24,281.57,278.59,279.27,0
SSCB,28-Jan-2019,261.76,262.06,258.81,259.17,0
SSCE,28-Jan-2019,279.73,279.98,277.91,278.11,0
SSCH,28-Jan-2019,533.84,537.83,530.48,532.91,0
SSCK,28-Jan-2019,268.35,269.23,265.96,266.8,0
SSCL,28-Jan-2019,289.83,290.44,283.55,286.28,0
SSCM,28-Jan-2019,8939.87,8939.87,8810.9,8875.1,0
SSCP,28-Jan-2019,191.41,191.74,190.69,190.82,0
SSCQ,28-Jan-2019,461.15,462.06,454.14,455.72,0
SSCS,28-Jan-2019,349.36,349.77,347.91,348.3,0
SSCU,28-Jan-2019,357.57,357.88,354.19,354.7,0
SSCW,28-Jan-2019,287.78,288.04,285.82,286.21,0
SSDI,28-Jan-2019,3.76,3.76,3.76,3.76,0
SSEN,28-Jan-2019,225.59,226.02,223.67,224.42,0
SSER,28-Jan-2019,220.24,220.33,219.86,219.87,0
SSEW,28-Jan-2019,315.97,315.97,311.84,312.62,0
SSFB,28-Jan-2019,31.36,31.52,31.31,31.41,0
SSFD,28-Jan-2019,87.5,100,87.5,100,0
SSFI,28-Jan-2019,78.12,93.75,78.12,90.62,0
SSGA,28-Jan-2019,182.26,182.83,180.46,182.25,0
SSGC,28-Jan-2019,262.72,262.72,258.51,259.37,0
SSGD,28-Jan-2019,3209.71,3251.74,3209.53,3228.46,0
SSGE,28-Jan-2019,2072.42,2073.35,2033.24,2047,0
SSGF,28-Jan-2019,1322.11,1323.24,1311.19,1316.68,0
SSGG,28-Jan-2019,219.56,220.5,217.26,218.48,0
SSGH,28-Jan-2019,3294.59,3295.63,3250.89,3261.14,0
SSGI,28-Jan-2019,3962.47,3967.75,3889.83,3916.85,0
SSGL,28-Jan-2019,2234.84,2235.79,2208.78,2218.76,0
SSGM,28-Jan-2019,2485,2487.86,2456.43,2468.06,0
SSGN,28-Jan-2019,2513.5,2513.95,2479.54,2491.8,0
SSGO,28-Jan-2019,310.96,311.19,299.71,302.81,0
SSGP,28-Jan-2019,212.68,212.68,209.27,209.96,0
SSGR,28-Jan-2019,375.77,375.77,369.72,370.95,0
SSGS,28-Jan-2019,2659.69,2660.44,2641.48,2660.36,0
SSGT,28-Jan-2019,1083.38,1083.88,1068.15,1073.57,0
SSGU,28-Jan-2019,1534.17,1535.4,1522.62,1527.41,0
SSGX,28-Jan-2019,433.91,434.22,418.21,422.53,0
SSGZ,28-Jan-2019,766.82,767.37,739.08,746.71,0
SSHE,28-Jan-2019,1379.44,1379.67,1367.49,1369.26,0
SSHJ,28-Jan-2019,1495.88,1499.8,1491.27,1492.62,0
SSHX,28-Jan-2019,2360.99,2360.99,2321.42,2337.37,0
SSIA,28-Jan-2019,84.48,85.2,84.31,84.83,0
SSIB,28-Jan-2019,28.49,28.73,28.44,28.61,0
SSIC,28-Jan-2019,50.38,50.8,50.28,50.58,0
SSIP,28-Jan-2019,111.89,112.63,111.81,112.48,0
SSIS,28-Jan-2019,121.34,122.14,121.25,121.98,0
SSIT,28-Jan-2019,135.88,136.78,135.78,136.59,0
SSLF,28-Jan-2019,1102.1,1103.7,1091.88,1100.84,0
SSLS,28-Jan-2019,214.27,214.36,213.9,213.91,0
SSNI,28-Jan-2019,175.16,175.16,172.14,173.41,0
SSOF,28-Jan-2019,71.87,78.12,71.87,78.12,0
SSOH,28-Jan-2019,62.5,75,62.5,75,0
SSPA,28-Jan-2019,1461.37,1461.37,1443.66,1453.26,0
SSPE,28-Jan-2019,1445.85,1445.94,1430.53,1432.03,0
SSPF,28-Jan-2019,698.58,698.62,688.81,689.78,0
SSPI,28-Jan-2019,1745.35,1745.67,1714.03,1721.2,0
SSPL,28-Jan-2019,747.86,747.86,732.27,737.58,0
SSPN,28-Jan-2019,6019.32,6019.32,5973.94,6018.87,0
SSPT,28-Jan-2019,987.56,996.44,983.74,984.57,0
SSPU,28-Jan-2019,1481.68,1482,1466.57,1469.41,0
SSRF,28-Jan-2019,744.4,744.67,741.79,744.67,0
SSRW,28-Jan-2019,7219.52,7219.52,7107.39,7160.44,0
SSTH,28-Jan-2019,68.75,71.87,68.75,71.87,0
SSTU,28-Jan-2019,411.72,412.96,407.97,410.01,0
SSTW,28-Jan-2019,96.87,100,96.87,100,0
SSUC,28-Jan-2019,280.97,280.97,275.51,276.4,0
SSUP,28-Jan-2019,59.58,59.65,58.71,58.9,0
SSUT,28-Jan-2019,105.31,105.44,103.77,104.11,0
SSWP,28-Jan-2019,86.33,86.33,85.2,85.41,0
STCE,28-Jan-2019,617.15,620.1,612.23,615.36,0
STCL,28-Jan-2019,590.3,592.97,586.22,589.44,0
STFE,28-Jan-2019,1775.01,1776.24,1751.11,1760.64,0
STFU,28-Jan-2019,1698.03,1698.45,1676.61,1686.49,0
STIC,28-Jan-2019,1207.96,1215.66,1207.26,1212.42,0
STIF,28-Jan-2019,1894.06,1896.51,1879.92,1886.96,0
STIL,28-Jan-2019,1051.14,1051.14,1018.96,1024.67,0
STIR,28-Jan-2019,2442.91,2444.75,2429.23,2435.97,0
STIS,28-Jan-2019,1021.37,1027.9,1020.77,1025.15,0
STMP,28-Jan-2019,261.65,261.65,258.26,260.15,0
STNC,28-Jan-2019,689.37,690.47,687.56,689.04,19143200
STNU,28-Jan-2019,701.27,701.5,699.07,700.86,19832600
STRA,28-Jan-2019,145.12,145.12,143.67,144.31,0
STRB,28-Jan-2019,119.2,119.2,118.6,118.85,0
STRC,28-Jan-2019,131.01,131.01,130.02,130.45,0
STRD,28-Jan-2019,117.08,117.08,116.64,116.81,0
STRL,28-Jan-2019,6256.21,6262.08,6085.12,6134.86,0
STRN,28-Jan-2019,4689.66,4689.66,4652.78,4687.66,0
STRS,28-Jan-2019,170.31,172.91,170.31,171.65,0
STRT,28-Jan-2019,388.08,388.08,381.42,383.68,0
STRU,28-Jan-2019,1010.5,1016.29,1005.53,1013.91,0
STSI,28-Jan-2019,1202.94,1255.14,1202.94,1241.02,0
STSU,28-Jan-2019,1071.98,1074.31,1068.85,1069.47,0
STSY,28-Jan-2019,987.32,990.19,984.27,985.29,0
STTR,28-Jan-2019,1273.2,1273.2,1245.55,1263.41,0
SUCD,28-Jan-2019,353.84,353.84,348.74,352.01,0
SUCS,28-Jan-2019,370.64,372.35,368.36,372.35,0
SUEP,28-Jan-2019,338.37,338.37,331.21,334.76,0
SUFD,28-Jan-2019,17.85,42.85,7.14,17.85,0
SUFI,28-Jan-2019,50,57.14,28.57,46.42,0
SUFP,28-Jan-2019,185.67,185.67,183.71,185.18,0
SUHC,28-Jan-2019,404.25,404.25,397.78,399.65,0
SUIP,28-Jan-2019,357.38,357.38,350.79,353.81,0
SUJP,28-Jan-2019,150.29,150.62,149.2,149.36,0
SUKP,28-Jan-2019,1378.16,1378.84,1363.02,1365.78,0
SUKS,28-Jan-2019,1104.72,1104.72,1092.65,1093.88,0
SUMI,28-Jan-2019,292.01,292.01,289.08,291.71,0
SUNI,28-Jan-2019,104.32,106.83,104.12,106.53,0
SUOF,28-Jan-2019,71.42,71.42,67.85,67.85,0
SUOH,28-Jan-2019,71.42,78.57,64.28,67.85,0
SUPI,28-Jan-2019,324.37,325.53,321.32,322.88,0
SURI,28-Jan-2019,310.94,314.57,309.7,314.19,0
SUTH,28-Jan-2019,82.14,85.71,75,78.57,0
SUTP,28-Jan-2019,163.58,163.58,159.95,161.29,0
SUTW,28-Jan-2019,89.28,89.28,75,82.14,0
SVFD,28-Jan-2019,47.54,47.54,27.86,45.9,0
SVFI,28-Jan-2019,63.93,63.93,54.09,60.65,0
SVOF,28-Jan-2019,40.98,42.62,34.42,42.62,0
SVOH,28-Jan-2019,42.62,42.62,39.34,42.62,0
SVTH,28-Jan-2019,47.54,47.54,44.26,45.9,0
SVTR,28-Jan-2019,161.39,162.34,161.39,162.34,0
SVTW,28-Jan-2019,78.68,78.68,73.77,75.4,0
SW0B,28-Jan-2019,55.73,55.76,54.72,55,0
SW0C,28-Jan-2019,72.59,72.69,72.08,72.34,0
SW0D,28-Jan-2019,103.21,103.28,102.51,102.58,0
SW0E,28-Jan-2019,113.47,113.65,112.76,112.89,0
SW0F,28-Jan-2019,135.39,135.43,134.27,134.7,0
SW0G,28-Jan-2019,154.78,154.94,153.72,153.76,0
SW0H,28-Jan-2019,62.15,62.2,61.64,61.73,0
SW0I,28-Jan-2019,134.93,135.52,133.94,134.33,0
SW1A,28-Jan-2019,54.03,54.03,53.71,53.79,0
SW1B,28-Jan-2019,418.78,418.91,416.12,416.51,0
SW1C,28-Jan-2019,254.12,254.85,253.21,253.69,0
SW1J,28-Jan-2019,73.82,73.82,73.33,73.46,0
SWFI,28-Jan-2019,1069.96,1069.96,1057.49,1066.65,0
SWIB,28-Jan-2019,2459.34,2465.36,2438.44,2441.06,0
SWIT,28-Jan-2019,2894.43,2896.46,2861.57,2864.98,0
SWML,28-Jan-2019,355.05,355.05,350.13,352.96,0
SWSP,28-Jan-2019,238.75,238.89,233.01,233.9,0
SWTE,28-Jan-2019,367.62,367.62,362.33,365,0
SWTM,28-Jan-2019,474.6,474.6,470.25,474.08,0
SWTS,28-Jan-2019,442.57,442.57,436.86,439.98,0
SWTT,28-Jan-2019,379.73,379.73,374.53,377.32,0
SWUB,28-Jan-2019,2111.13,2111.13,2087.09,2102.07,0
SWUL,28-Jan-2019,928.24,932.51,927.18,928.76,0
SWUT,28-Jan-2019,2662.59,2662.59,2632.16,2651.23,0
SXTR,28-Jan-2019,715.33,717.77,708.58,712.03,0
SYFD,28-Jan-2019,67.18,79.68,56.25,78.12,0
SYFI,28-Jan-2019,71.87,78.12,70.31,76.56,0
SYOF,28-Jan-2019,37.5,40.62,37.5,40.62,0
SYOH,28-Jan-2019,32.81,34.37,32.81,34.37,0
SYTH,28-Jan-2019,29.68,37.5,29.68,37.5,0
SYTR,28-Jan-2019,1054.41,1054.58,1043.61,1053.18,0
SYTW,28-Jan-2019,84.37,87.5,79.68,84.37,0
SZTR,28-Jan-2019,2698.16,2698.16,2641.49,2671.14,0
TACK,28-Jan-2019,10005,10411,9636,10322,0
TACX,28-Jan-2019,5,411,-364,322,0
TICK,28-Jan-2019,9998,10825,9045,10232,0
TICX,28-Jan-2019,-2,825,-955,232,0
TNX,28-Jan-2019,2.76,2.76,2.72,2.74,0
TOOC,28-Jan-2019,17699.42,17817.26,17699.42,17817.26,226010200
TQCK,28-Jan-2019,10002,10558,9382,10265,0
TQCX,28-Jan-2019,2,558,-618,265,0
TRIA,28-Jan-2019,0.32,1.21,0.32,1.16,0
TRIN,28-Jan-2019,4.87,4.87,0.95,1.13,0
TRIQ,28-Jan-2019,348.77,348.77,0.51,0.75,0
TTCD,28-Jan-2019,194.44,195.78,193.89,195.5,5286600
TTCS,28-Jan-2019,572.08,575.15,570.89,573.78,2448900
TTEN,28-Jan-2019,146.46,147.74,145.23,147.59,40427300
TTFS,28-Jan-2019,287.27,289,287.07,289,29636800
TTGD,28-Jan-2019,182.33,184.16,182.26,183.54,56694300
TTHC,28-Jan-2019,117.34,123.8,116.97,123.62,43421300
TTIN,28-Jan-2019,243.91,246.69,243.22,244.03,19057300
TTMT,28-Jan-2019,223.98,225.44,223.67,225.44,48103700
TTRE,28-Jan-2019,315.68,317.93,315.46,317.56,7615800
TTTK,28-Jan-2019,79.67,80.19,79.5,79.98,2722000
TTTS,28-Jan-2019,171.24,173.4,171.24,173.04,7626700
TTUT,28-Jan-2019,232.33,232.63,231.57,232.02,7386000
TXBE,28-Jan-2019,149.53,149.94,148.26,149.45,84026100
TXBM,28-Jan-2019,106.46,106.66,105.31,105.86,80831200
TXCT,28-Jan-2019,125.49,125.8,124.97,125.42,4262800
TXCX,28-Jan-2019,15276.91,15378.62,15276.91,15378.62,226010200
TXDC,28-Jan-2019,122.77,123.5,122.77,123.5,141678200
TXDE,28-Jan-2019,323.29,325.28,322.99,325.28,16187100
TXDV,28-Jan-2019,251.94,253.21,251.77,252.88,64759500
TXEI,28-Jan-2019,103.12,103.74,103.09,103.69,61085600
TXEW,28-Jan-2019,139.76,140.46,139.73,140.46,105567400
TXFO,28-Jan-2019,920.26,927.71,919.75,925.81,120442800
TXGM,28-Jan-2019,68.53,68.79,68.32,68.62,150235300
TXOE,28-Jan-2019,193.07,194.14,191.37,194.13,31279800
TXPR,28-Jan-2019,623.98,624.89,621.4,622.24,1733000
TXSC,28-Jan-2019,1010.57,1017.63,1010.39,1017.63,105567400
TXSI,28-Jan-2019,125.09,125.92,124.8,125.92,17838300
TXSX,28-Jan-2019,913.88,920.27,913.72,920.27,105567400
TXTW,28-Jan-2019,556.91,558.09,555.54,557.35,43015100
TYX,28-Jan-2019,3.06,3.06,3.04,3.06,0
UNCA,28-Jan-2019,22,23,5,20,2555600
UNCC,28-Jan-2019,57,78,34,78,21659900
UNCE,28-Jan-2019,28,62,15,61,21623300
UNCN,28-Jan-2019,50,50,22,48,58832200
UNCQ,28-Jan-2019,123,123,67,81,54733700
UNCS,28-Jan-2019,142,216,140,216,18232400
UNCT,28-Jan-2019,195,195,109,149,116121500
UNCU,28-Jan-2019,248,655,248,653,2265908000
UNCV,28-Jan-2019,153,342,153,332,37089700
UNCX,28-Jan-2019,352,626,349,626,76982000
UOI,28-Jan-2019,11.08,11.1,10.78,10.93,0
UTY,28-Jan-2019,677.7,679.84,671.28,674.44,0
UVCA,28-Jan-2019,0.64,2.99,0.01,2.55,0
UVCC,28-Jan-2019,4.33,25.84,2.06,21.65,0
UVCE,28-Jan-2019,0.46,23.29,0.26,21.62,0
UVCN,28-Jan-2019,1.99,69.27,1.97,58.83,0
UVCQ,28-Jan-2019,2.02,59.18,2.02,54.73,0
UVCS,28-Jan-2019,11.57,22.66,7.48,18.23,0
UVCT,28-Jan-2019,4.66,129.77,4.66,116.12,0
UVCU,28-Jan-2019,338.54,2653.67,338.54,2265.9,0
UVCV,28-Jan-2019,7.04,39.46,7.04,37.08,0
UVCX,28-Jan-2019,22.95,85.71,21.68,76.98,0
VFWA,28-Jan-2019,20.09,20.22,19.66,19.74,0
VFWB,28-Jan-2019,20.36,20.44,18.64,19.88,0
VIX,28-Jan-2019,18.56,20.42,18.42,18.87,0
VWA,28-Jan-2019,19.01,20.76,18.93,19.23,0
VWB,28-Jan-2019,18.1,20.04,17.96,18.53,0
VXB,28-Jan-2019,18.56,20.38,18.51,18.88,0
VXD,28-Jan-2019,18.75,21.07,12.73,19.53,0
VXDE,28-Jan-2019,20.36,20.62,19.33,19.97,0
VXJU,28-Jan-2019,19.97,20.27,19.57,19.64,0
VXMA,28-Jan-2019,19.73,20.52,19.36,19.36,0
VXN,28-Jan-2019,21.78,24.68,21.78,23.43,0
VXO,28-Jan-2019,20.9,21.49,19.68,19.74,0
VXSE,28-Jan-2019,20.12,20.28,19.35,19.73,0
VXV,28-Jan-2019,19.92,20.36,19.52,19.58,0
XAU,28-Jan-2019,71.32,71.96,71.21,71.65,0
XAX,28-Jan-2019,2447.53,2489.79,2446.23,2489.79,0
XDS,28-Jan-2019,100.73,100.96,100.73,100.81,0
XEO,28-Jan-2019,1167.22,1167.22,1155.43,1164.44,0
XMI,28-Jan-2019,2483.38,2487.17,2467.38,2487.17,0
XOI,28-Jan-2019,1243.83,1244.5,1231.84,1244.01,0
XSP,28-Jan-2019,264.5,264.5,262.41,264.39,0
Y0FD,28-Jan-2019,56.91,56.91,50.67,55.28,0
Y0FI,28-Jan-2019,53.11,53.92,50.67,52.84,0
Y0OF,28-Jan-2019,33.6,33.6,30.08,33.33,0
Y0OH,28-Jan-2019,28.45,30.89,28.18,30.89,0
Y0TH,28-Jan-2019,31.7,33.33,31.43,32.79,0
Y0TW,28-Jan-2019,53.38,54.2,51.49,53.92,0
Y1FD,28-Jan-2019,73.91,86.95,73.91,78.26,0
Y1FI,28-Jan-2019,86.95,91.3,86.95,91.3,0
Y1OF,28-Jan-2019,69.56,69.56,60.86,65.21,0
Y1OH,28-Jan-2019,52.17,60.86,47.82,52.17,0
Y1TH,28-Jan-2019,56.52,56.52,52.17,52.17,0
Y1TW,28-Jan-2019,86.95,91.3,86.95,91.3,0
Y2FD,28-Jan-2019,87.5,100,87.5,100,0
Y2FI,28-Jan-2019,93.75,100,93.75,100,0
Y2OF,28-Jan-2019,75,75,68.75,68.75,0
Y2OH,28-Jan-2019,75,75,68.75,75,0
Y2TH,28-Jan-2019,68.75,68.75,68.75,68.75,0
Y2TW,28-Jan-2019,93.75,100,93.75,100,0
Y3FD,28-Jan-2019,48.75,50.17,35.58,45.9,0
Y3FI,28-Jan-2019,37.36,38.79,33.8,37.36,0
Y3OF,28-Jan-2019,15.65,17.08,14.59,15.65,0
Y3OH,28-Jan-2019,8.18,9.6,7.11,8.89,0
Y3TH,28-Jan-2019,8.89,8.89,6.4,8.18,0
Y3TW,28-Jan-2019,34.87,34.87,29.89,29.89,0
Y5FD,28-Jan-2019,58.09,68.87,58.09,64.73,0
Y5FI,28-Jan-2019,74.27,77.59,72.61,76.34,0
Y5OF,28-Jan-2019,48.54,51.86,47.71,51.45,0
Y5OH,28-Jan-2019,40.24,42.73,39.41,42.73,0
Y5TH,28-Jan-2019,39.83,41.07,39.41,39.83,0
Y5TW,28-Jan-2019,77.59,78,75.51,76.34,0
Y6FD,28-Jan-2019,58.82,82.35,58.82,58.82,0
Y6FI,28-Jan-2019,64.7,64.7,64.7,64.7,0
Y6OF,28-Jan-2019,35.29,35.29,35.29,35.29,0
Y6OH,28-Jan-2019,29.41,29.41,23.52,29.41,0
Y6TH,28-Jan-2019,29.41,29.41,29.41,29.41,0
Y6TW,28-Jan-2019,82.35,94.11,82.35,82.35,0
Y7FD,28-Jan-2019,20,40,20,30,0
Y7FI,28-Jan-2019,90,90,90,90,0
Y7OF,28-Jan-2019,60,70,60,70,0
Y7OH,28-Jan-2019,50,50,50,50,0
Y7TH,28-Jan-2019,50,50,50,50,0
Y7TW,28-Jan-2019,80,80,70,70,0
Y8FD,28-Jan-2019,9.09,36.36,3.03,36.36,0
Y8FI,28-Jan-2019,45.45,51.51,39.39,48.48,0
Y8OF,28-Jan-2019,9.09,12.12,6.06,9.09,0
Y8OH,28-Jan-2019,3.03,9.09,3.03,9.09,0
Y8TH,28-Jan-2019,6.06,9.09,6.06,9.09,0
Y8TW,28-Jan-2019,42.42,42.42,36.36,39.39,0
Y9FD,28-Jan-2019,34.61,61.53,34.61,53.84,0
Y9FI,28-Jan-2019,80.76,84.61,73.07,80.76,0
Y9OF,28-Jan-2019,34.61,46.15,26.92,46.15,0
Y9OH,28-Jan-2019,30.76,38.46,23.07,38.46,0
Y9TH,28-Jan-2019,26.92,30.76,26.92,30.76,0
Y9TW,28-Jan-2019,88.46,88.46,84.61,88.46,0
YAFD,28-Jan-2019,94.59,100,94.59,97.29,0
YAFI,28-Jan-2019,81.08,83.78,78.37,81.08,0
YAOF,28-Jan-2019,83.78,83.78,81.08,83.78,0
YAOH,28-Jan-2019,78.37,78.37,72.97,75.67,0
YATH,28-Jan-2019,64.86,67.56,62.16,67.56,0
YATW,28-Jan-2019,75.67,78.37,67.56,70.27,0
YBFD,28-Jan-2019,55.55,88.88,55.55,77.77,0
YBFI,28-Jan-2019,88.88,88.88,88.88,88.88,0
YBOF,28-Jan-2019,66.66,77.77,55.55,77.77,0
YBOH,28-Jan-2019,44.44,66.66,44.44,55.55,0
YBTH,28-Jan-2019,55.55,66.66,55.55,55.55,0
YBTW,28-Jan-2019,100,100,100,100,0
YCFD,28-Jan-2019,51.72,51.72,31.03,31.03,0
YCFI,28-Jan-2019,65.51,68.96,65.51,65.51,0
YCOF,28-Jan-2019,37.93,44.82,37.93,41.37,0
YCOH,28-Jan-2019,34.48,37.93,34.48,37.93,0
YCTH,28-Jan-2019,41.37,44.82,37.93,37.93,0
YCTW,28-Jan-2019,79.31,79.31,68.96,68.96,0
YDFD,28-Jan-2019,88.46,94.23,84.61,90.38,0
YDFI,28-Jan-2019,76.92,82.69,76.92,82.69,0
YDOF,28-Jan-2019,63.46,69.23,61.53,67.3,0
YDOH,28-Jan-2019,48.07,50,46.15,50,0
YDTH,28-Jan-2019,38.46,42.3,38.46,42.3,0
YDTW,28-Jan-2019,75,78.84,71.15,76.92,0
YEFD,28-Jan-2019,90.9,100,90.9,100,0
YEFI,28-Jan-2019,95.45,100,95.45,100,0
YEOF,28-Jan-2019,63.63,63.63,59.09,59.09,0
YEOH,28-Jan-2019,63.63,63.63,59.09,63.63,0
YETH,28-Jan-2019,59.09,59.09,59.09,59.09,0
YETW,28-Jan-2019,95.45,100,95.45,100,0
YFFD,28-Jan-2019,80,86.66,60,80,0
YFFI,28-Jan-2019,93.33,93.33,73.33,80,0
YFOF,28-Jan-2019,66.66,66.66,53.33,53.33,0
YFOH,28-Jan-2019,46.66,46.66,40,46.66,0
YFTH,28-Jan-2019,53.33,53.33,40,40,0
YFTW,28-Jan-2019,93.33,93.33,86.66,86.66,0
YGFD,28-Jan-2019,71.42,71.42,57.14,57.14,0
YGFI,28-Jan-2019,71.42,100,71.42,100,0
YGOF,28-Jan-2019,71.42,85.71,71.42,85.71,0
YGOH,28-Jan-2019,71.42,71.42,71.42,71.42,0
YGTH,28-Jan-2019,71.42,71.42,71.42,71.42,0
YGTW,28-Jan-2019,85.71,85.71,71.42,85.71,0
YHFD,28-Jan-2019,81.25,87.5,68.75,75,0
YHFI,28-Jan-2019,93.75,93.75,93.75,93.75,0
YHOF,28-Jan-2019,87.5,87.5,87.5,87.5,0
YHOH,28-Jan-2019,75,81.25,68.75,68.75,0
YHTH,28-Jan-2019,68.75,68.75,62.5,62.5,0
YHTW,28-Jan-2019,93.75,93.75,93.75,93.75,0
YIFD,28-Jan-2019,63.82,78.72,63.82,76.59,0
YIFI,28-Jan-2019,85.1,87.23,80.85,85.1,0
YIOF,28-Jan-2019,53.19,55.31,51.06,55.31,0
YIOH,28-Jan-2019,40.42,48.93,38.29,48.93,0
YITH,28-Jan-2019,40.42,42.55,38.29,40.42,0
YITW,28-Jan-2019,93.61,97.87,91.48,91.48,0
YJFD,28-Jan-2019,65.51,65.51,55.17,58.62,0
YJFI,28-Jan-2019,48.27,48.27,48.27,48.27,0
YJOF,28-Jan-2019,27.58,31.03,24.13,31.03,0
YJOH,28-Jan-2019,20.68,24.13,20.68,24.13,0
YJTH,28-Jan-2019,20.68,20.68,13.79,17.24,0
YJTW,28-Jan-2019,58.62,65.51,55.17,65.51,0
YKFD,28-Jan-2019,61.53,61.53,50,53.84,0
YKFI,28-Jan-2019,53.84,53.84,53.84,53.84,0
YKOF,28-Jan-2019,30.76,34.61,26.92,34.61,0
YKOH,28-Jan-2019,23.07,26.92,23.07,26.92,0
YKTH,28-Jan-2019,23.07,23.07,15.38,19.23,0
YKTW,28-Jan-2019,61.53,69.23,57.69,69.23,0
YLFD,28-Jan-2019,58.09,68.87,58.09,64.73,0
YLFI,28-Jan-2019,74.27,77.59,72.61,76.34,0
YLOF,28-Jan-2019,48.54,51.86,47.71,51.45,0
YLOH,28-Jan-2019,40.24,42.73,39.41,42.73,0
YLTH,28-Jan-2019,39.83,41.07,39.41,39.83,0
YLTW,28-Jan-2019,77.59,78,75.51,76.34,0
YMFD,28-Jan-2019,77.77,77.77,61.11,66.66,0
YMFI,28-Jan-2019,66.66,66.66,66.66,66.66,0
YMOF,28-Jan-2019,66.66,66.66,61.11,61.11,0
YMOH,28-Jan-2019,50,55.55,50,50,0
YMTH,28-Jan-2019,38.88,44.44,38.88,38.88,0
YMTW,28-Jan-2019,72.22,72.22,66.66,72.22,0
YNFD,28-Jan-2019,58.15,69.03,58.15,64.85,0
YNFI,28-Jan-2019,74.47,77.82,72.8,76.56,0
YNOF,28-Jan-2019,48.53,51.88,47.69,51.46,0
YNOH,28-Jan-2019,40.16,42.67,39.33,42.67,0
YNTH,28-Jan-2019,39.74,41,39.33,39.74,0
YNTW,28-Jan-2019,78.24,78.66,76.15,76.98,0
YOFD,28-Jan-2019,56.45,67.2,54.3,63.44,0
YOFI,28-Jan-2019,76.34,80.1,74.19,78.49,0
YOOF,28-Jan-2019,49.46,53.22,48.38,52.68,0
YOOH,28-Jan-2019,40.86,43.54,39.24,43.54,0
YOTH,28-Jan-2019,40.32,42.47,39.78,40.32,0
YOTW,28-Jan-2019,80.64,81.18,77.41,78.49,0
YPFD,28-Jan-2019,50,83.33,33.33,83.33,0
YPFI,28-Jan-2019,100,100,100,100,0
YPOF,28-Jan-2019,50,66.66,33.33,66.66,0
YPOH,28-Jan-2019,0.01,33.33,0.01,33.33,0
YPTH,28-Jan-2019,0.01,16.66,0.01,16.66,0
YPTW,28-Jan-2019,100,100,100,100,0
YQFD,28-Jan-2019,50.66,68,48,66.66,0
YQFI,28-Jan-2019,80,84,77.33,82.66,0
YQOF,28-Jan-2019,53.33,60,50.66,60,0
YQOH,28-Jan-2019,48,54.66,46.66,54.66,0
YQTH,28-Jan-2019,50.66,52,48,52,0
YQTW,28-Jan-2019,86.66,88,82.66,84,0
YRFD,28-Jan-2019,60,76,58.66,69.33,0
YRFI,28-Jan-2019,76,81.33,76,78.66,0
YROF,28-Jan-2019,49.33,53.33,49.33,53.33,0
YROH,28-Jan-2019,41.33,45.33,40,42.66,0
YRTH,28-Jan-2019,40,42.66,40,40,0
YRTW,28-Jan-2019,80,82.66,78.66,80,0
YSFD,28-Jan-2019,45,73.33,45,73.33,0
YSFI,28-Jan-2019,85,90,80,90,0
YSOF,28-Jan-2019,56.66,63.33,55,63.33,0
YSOH,28-Jan-2019,46.66,55,45,55,0
YSTH,28-Jan-2019,46.66,50,46.66,48.33,0
YSTW,28-Jan-2019,88.33,88.33,85,86.66,0
YTFD,28-Jan-2019,62.43,68.5,60.22,61.87,0
YTFI,28-Jan-2019,70.71,73.48,69.61,71.82,0
YTOF,28-Jan-2019,45.85,48.61,45.3,47.51,0
YTOH,28-Jan-2019,38.12,39.77,37.56,38.67,0
YTTH,28-Jan-2019,37.56,38.12,36.46,37.01,0
YTTW,28-Jan-2019,74.03,74.58,71.82,72.92,0
YUFD,28-Jan-2019,94.28,100,94.28,100,0
YUFI,28-Jan-2019,82.85,85.71,80,82.85,0
YUOF,28-Jan-2019,82.85,82.85,80,82.85,0
YUOH,28-Jan-2019,77.14,77.14,71.42,74.28,0
YUTH,28-Jan-2019,62.85,65.71,60,65.71,0
YUTW,28-Jan-2019,71.42,74.28,65.71,71.42,0
YVFD,28-Jan-2019,83.75,87.5,80,82.5,0
YVFI,28-Jan-2019,72.5,75,70,72.5,0
YVOF,28-Jan-2019,53.75,58.75,52.5,58.75,0
YVOH,28-Jan-2019,48.75,50,46.25,50,0
YVTH,28-Jan-2019,42.5,43.75,38.75,42.5,0
YVTW,28-Jan-2019,66.25,68.75,62.5,66.25,0
YWFD,28-Jan-2019,40,64,40,64,0
YWFI,28-Jan-2019,56,60,52,58,0
YWOF,28-Jan-2019,26,30,24,30,0
YWOH,28-Jan-2019,18,24,18,24,0
YWTH,28-Jan-2019,18,20,18,20,0
YWTW,28-Jan-2019,54,60,54,58,0
YXFD,28-Jan-2019,17.24,51.72,6.89,51.72,0
YXFI,28-Jan-2019,55.17,62.06,44.82,55.17,0
YXOF,28-Jan-2019,17.24,20.68,17.24,20.68,0
YXOH,28-Jan-2019,13.79,20.68,13.79,20.68,0
YXTH,28-Jan-2019,20.68,24.13,17.24,24.13,0
YXTW,28-Jan-2019,51.72,55.17,41.37,51.72,0
YYFD,28-Jan-2019,53.57,53.57,32.14,32.14,0
YYFI,28-Jan-2019,64.28,67.85,64.28,64.28,0
YYOF,28-Jan-2019,35.71,42.85,35.71,39.28,0
YYOH,28-Jan-2019,32.14,35.71,32.14,35.71,0
YYTH,28-Jan-2019,39.28,42.85,35.71,35.71,0
YYTW,28-Jan-2019,78.57,78.57,67.85,67.85,0
YZFD,28-Jan-2019,56,78,56,72,0
YZFI,28-Jan-2019,90,94,90,94,0
YZOF,28-Jan-2019,68,78,68,74,0
YZOH,28-Jan-2019,58,66,56,62,0
YZTH,28-Jan-2019,58,62,58,58,0
YZTW,28-Jan-2019,90,92,90,92,0
Z0FD,28-Jan-2019,16.66,75,8.33,75,0
Z0FI,28-Jan-2019,75,83.33,50,83.33,0
Z0OF,28-Jan-2019,25,25,25,25,0
Z0OH,28-Jan-2019,25,25,25,25,0
Z0TH,28-Jan-2019,25,25,25,25,0
Z0TW,28-Jan-2019,75,75,58.33,75,0
Z1FD,28-Jan-2019,44.1,45.41,30.56,39.73,0
Z1FI,28-Jan-2019,24.89,26.63,20.96,24.89,0
Z1OF,28-Jan-2019,5.24,6.98,5.24,5.67,0
Z1OH,28-Jan-2019,2.18,3.05,2.18,2.18,0
Z1TH,28-Jan-2019,3.49,3.49,3.05,3.05,0
Z1TW,28-Jan-2019,20.96,20.96,14.41,14.41,0
Z2FD,28-Jan-2019,45,73.33,45,73.33,0
Z2FI,28-Jan-2019,85,90,80,90,0
Z2OF,28-Jan-2019,56.66,63.33,55,63.33,0
Z2OH,28-Jan-2019,46.66,55,45,55,0
Z2TH,28-Jan-2019,46.66,50,46.66,48.33,0
Z2TW,28-Jan-2019,88.33,88.33,85,86.66,0
Z3FD,28-Jan-2019,45,73.33,45,73.33,0
Z3FI,28-Jan-2019,85,90,80,90,0
Z3OF,28-Jan-2019,56.66,63.33,55,63.33,0
Z3OH,28-Jan-2019,46.66,55,45,55,0
Z3TH,28-Jan-2019,46.66,50,46.66,48.33,0
Z3TW,28-Jan-2019,88.33,88.33,85,86.66,0
Z4FD,28-Jan-2019,70,70,60,64,0
Z4FI,28-Jan-2019,78,84,76,84,0
Z4OF,28-Jan-2019,56,58,56,58,0
Z4OH,28-Jan-2019,46,50,42,48,0
Z4TH,28-Jan-2019,42,44,42,44,0
Z4TW,28-Jan-2019,80,82,74,74,0
Z5FD,28-Jan-2019,62.56,65.02,57.14,59.6,0
Z5FI,28-Jan-2019,60.59,63.05,60.09,61.08,0
Z5OF,28-Jan-2019,41.87,44.33,41.87,42.36,0
Z5OH,28-Jan-2019,33.49,34.97,32.01,34.48,0
Z5TH,28-Jan-2019,28.07,31.03,28.07,30.54,0
Z5TW,28-Jan-2019,57.63,59.11,54.67,57.63,0
